generation,cost_obj1,aep_obj2
1,              819785587.8,               89974403.2
1,             1739493063.6,              183019453.0
1,             1476903747.8,              171063128.1
1,             1666869175.1,              179467813.1
1,              988517569.2,              117958390.0
1,              864781490.7,              101015666.5
1,             1185328249.1,              132697346.9
1,             1309320350.7,              147608100.4
1,             1369046971.4,              161725302.0
1,              959725296.1,              108544986.6
1,             1184596787.5,              128527934.8
1,             1644447133.9,              176521447.6
1,             1214027871.7,              134459229.3
1,             1436799714.9,              169823470.6
1,             1333484600.0,              156722772.6
1,             1151443207.1,              122390274.8
1,             1283731875.1,              144919664.0
1,             1410817861.7,              164304685.0
1,             1478000050.0,              173695876.7
1,             1324791626.2,              148595601.8
1,             1171810933.4,              125556857.1
1,             1228929526.6,              144229618.6
1,             1460412053.0,              170078899.5
1,              963438002.5,              111751336.5
1,             1626786724.5,              174368602.6
1,             1403475785.1,              163949668.3
1,              913259153.4,              106629615.2
1,             1647602286.3,              177201926.6
2,              819785587.8,               89974403.2
2,             1777712413.4,              192928675.3
2,             1416040444.9,              165044999.8
2,             1736568844.9,              189425060.4
2,             1436144801.1,              171400837.1
2,             1618952127.9,              179529134.0
2,             1288532467.6,              146683506.0
2,              864781490.7,              101015666.5
2,              996160234.9,              122301785.5
2,              990823012.1,              118573842.4
2,             1417789428.0,              166933775.2
2,             1355434357.1,              163294513.6
2,             1185328249.1,              132697346.9
2,             1435248900.2,              170238498.6
2,             1410817861.7,              164304685.0
2,              963438002.5,              111751336.5
2,             1454134353.0,              177563771.5
2,              913259153.4,              106629615.2
2,              984581001.7,              118538671.1
2,              965630917.1,              111823011.3
2,             1184596787.5,              128527934.8
2,             1171810933.4,              125556857.1
2,              959725296.1,              108544986.6
2,             1637585625.7,              183280958.1
2,             1228929526.6,              144229618.6
2,             1403475785.1,              163949668.3
2,             1299863530.2,              151306407.1
2,             1214027871.7,              134459229.3
2,             1283731875.1,              144919664.0
2,             1333484600.0,              156722772.6
2,             1326132356.2,              156251091.3
2,             1728559115.7,              186537000.5
2,             1142533511.8,              123904176.3
2,             1435079169.0,              168507851.3
3,              819785587.8,               89974403.2
3,             1803612543.5,              199626662.1
3,             1781576040.1,              193511846.3
3,             1414408415.8,              171911772.5
3,              864781490.7,              101015666.5
3,             1269207123.0,              148071502.3
3,             1476435910.2,              180022962.1
3,             1299863530.2,              151306407.1
3,             1152740811.8,              124845897.2
3,              990823012.1,              118573842.4
3,              950197432.2,              112067514.5
3,              984581001.7,              118538671.1
3,              996160234.9,              122301785.5
3,             1622757251.9,              187377049.6
3,              913259153.4,              106629615.2
3,             1735435308.1,              187969010.9
3,             1142533511.8,              123904176.3
3,             1185328249.1,              132697346.9
3,             1250648310.4,              144612125.1
3,             1350042666.6,              159841053.1
3,             1325827301.4,              157014138.8
3,             1422344558.1,              175011205.5
3,             1199067036.1,              138342501.2
3,             1742480159.4,              190423762.7
3,             1312002909.4,              155595298.9
3,             1793184295.2,              197614194.0
3,             1184596787.5,              128527934.8
3,             1746932341.5,              191965924.9
3,             1228929526.6,              144229618.6
3,             1162902890.0,              126425266.0
3,             1355434357.1,              163294513.6
3,             1384182449.1,              164293154.4
3,             1188133888.4,              134805986.1
3,             1386842588.4,              166795781.7
3,             1454134353.0,              177563771.5
3,             1290549601.0,              148985173.0
3,             1777712413.4,              192928675.3
3,             1736568844.9,              189425060.4
4,              819785587.8,               89974403.2
4,             1803612543.5,              199626662.1
4,             1727068651.0,              188779035.8
4,             1324267280.7,              160987477.9
4,              841053494.1,               92320050.9
4,             1476435910.2,              180022962.1
4,             1250648310.4,              144612125.1
4,              906277178.5,              110269821.4
4,             1387534291.1,              167003142.8
4,             1720808393.7,              187475128.7
4,             1386842588.4,              166795781.7
4,             1172127902.8,              131034011.7
4,             1322630747.6,              156366900.7
4,             1199067036.1,              138342501.2
4,             1454134353.0,              177563771.5
4,             1384182449.1,              164293154.4
4,             1185328249.1,              132697346.9
4,             1226781668.9,              139091582.2
4,              944792064.1,              111871430.5
4,              996160234.9,              122301785.5
4,             1746932341.5,              191965924.9
4,             1387642381.0,              168870596.0
4,             1793184295.2,              197614194.0
4,             1348961254.9,              163959361.5
4,             1269207123.0,              148071502.3
4,             1422344558.1,              175011205.5
4,             1188133888.4,              134805986.1
4,             1622757251.9,              187377049.6
4,             1781576040.1,              193511846.3
4,             1416831083.0,              174423212.0
4,             1281138856.7,              155702745.1
4,             1134100004.2,              125885508.3
4,              984581001.7,              118538671.1
4,             1162902890.0,              126425266.0
4,              864781490.7,              101015666.5
4,             1394736665.9,              169880640.4
4,             1595785740.8,              183282297.4
4,              945656554.4,              117809940.2
4,              990823012.1,              118573842.4
4,             1228929526.6,              144229618.6
4,             1742480159.4,              190423762.7
4,             1777712413.4,              192928675.3
4,             1414408415.8,              171911772.5
4,             1736568844.9,              189425060.4
5,              813143212.1,               91687729.6
5,             1799415375.4,              204115336.5
5,             1430420333.7,              175990855.3
5,             1629483787.3,              187958169.1
5,              996160234.9,              122301785.5
5,             1622757251.9,              187377049.6
5,             1361929358.1,              164383447.5
5,             1220091906.0,              141170870.1
5,              815767550.3,               91948654.8
5,              900123394.6,              108018190.7
5,             1281138856.7,              155702745.1
5,             1261560859.8,              145639695.4
5,             1228929526.6,              144229618.6
5,             1595785740.8,              183282297.4
5,              996119012.3,              120066840.7
5,              906277178.5,              110269821.4
5,             1394736665.9,              169880640.4
5,              996392189.7,              124715637.8
5,             1462110720.7,              180803651.8
5,             1172455059.0,              131884905.1
5,             1440926300.2,              180182946.7
5,             1269207123.0,              148071502.3
5,              984581001.7,              118538671.1
5,             1713774815.8,              192575958.0
5,             1348961254.9,              163959361.5
5,             1134100004.2,              125885508.3
5,             1324267280.7,              160987477.9
5,             1172127902.8,              131034011.7
5,             1404240269.8,              174671796.1
5,             1438422559.9,              176483437.1
5,              841053494.1,               92320050.9
5,              864781490.7,              101015666.5
5,             1188133888.4,              134805986.1
5,             1340236083.7,              162783513.2
5,              990823012.1,              118573842.4
5,             1311996956.8,              158642734.4
5,             1379310478.6,              168818155.1
5,             1250648310.4,              144612125.1
5,             1162190041.4,              130066856.4
5,             1422344558.1,              175011205.5
5,             1793184295.2,              197614194.0
5,             1140168002.8,              127594633.6
5,             1256860927.3,              145273095.1
5,             1213758434.7,              139784959.0
5,             1264144484.4,              146443851.0
5,              932805020.9,              113787669.4
5,             1387642381.0,              168870596.0
5,             1757683260.1,              196409827.3
5,             1199067036.1,              138342501.2
5,             1174833222.0,              133614222.6
5,              945656554.4,              117809940.2
6,             1799415375.4,              204115336.5
6,              786186179.3,               78252035.8
6,             1171858207.7,              134042830.8
6,             1003871922.2,              125391673.5
6,              927583216.8,              115859092.5
6,              976883590.5,              121978035.2
6,             1165122338.3,              130783163.9
6,              860228914.6,              100048721.2
6,             1249980578.3,              147047861.7
6,             1281138856.7,              155702745.1
6,             1379310478.6,              168818155.1
6,             1361929358.1,              164383447.5
6,             1404240269.8,              174671796.1
6,              841053494.1,               92320050.9
6,              996160234.9,              122301785.5
6,              813143212.1,               91687729.6
6,             1135633223.7,              125911188.9
6,             1703251136.2,              196106519.7
6,             1220091906.0,              141170870.1
6,             1190269949.4,              136044702.1
6,             1140168002.8,              127594633.6
6,             1348961254.9,              163959361.5
6,              945656554.4,              117809940.2
6,             1213758434.7,              139784959.0
6,              864781490.7,              101015666.5
6,             1188133888.4,              134805986.1
6,             1248016628.0,              146579301.8
6,             1306627304.9,              163504336.5
6,             1199067036.1,              138342501.2
6,             1382188003.0,              170083486.7
6,             1736607622.0,              202704727.7
6,             1611091548.1,              190570769.2
6,             1595785740.8,              183282297.4
6,             1228929526.6,              144229618.6
6,             1259664091.9,              149445479.6
6,             1783106675.6,              202992464.2
6,              996392189.7,              124715637.8
6,              895328713.0,              111811444.2
6,             1162190041.4,              130066856.4
6,             1440926300.2,              180182946.7
6,             1134100004.2,              125885508.3
6,             1366951844.8,              167433597.6
6,             1211543023.4,              138363421.1
6,              815767550.3,               91948654.8
6,             1279873720.2,              151396746.1
6,             1430297207.3,              177672180.9
6,             1171157793.5,              131896984.8
6,             1462110720.7,              180803651.8
6,             1586640775.6,              182937877.0
6,             1413139086.3,              176726605.4
7,              548218359.2,               60294140.5
7,             1807949946.2,              205449445.3
7,             1218496933.5,              139916454.8
7,             1799415375.4,              204115336.5
7,              786186179.3,               78252035.8
7,             1171858207.7,              134042830.8
7,              927583216.8,              115859092.5
7,             1165122338.3,              130783163.9
7,             1249980578.3,              147047861.7
7,              813143212.1,               91687729.6
7,             1135633223.7,              125911188.9
7,             1703251136.2,              196106519.7
7,             1190269949.4,              136044702.1
7,             1140168002.8,              127594633.6
7,             1213758434.7,              139784959.0
7,             1188133888.4,              134805986.1
7,             1248016628.0,              146579301.8
7,             1306627304.9,              163504336.5
7,             1199067036.1,              138342501.2
7,             1736607622.0,              202704727.7
7,             1611091548.1,              190570769.2
7,             1595785740.8,              183282297.4
7,             1228929526.6,              144229618.6
7,             1259664091.9,              149445479.6
7,             1783106675.6,              202992464.2
7,              895328713.0,              111811444.2
7,             1440926300.2,              180182946.7
7,             1134100004.2,              125885508.3
7,             1211543023.4,              138363421.1
7,              815767550.3,               91948654.8
7,             1171157793.5,              131896984.8
7,             1462110720.7,              180803651.8
7,             1413139086.3,              176726605.4
7,              841486655.1,              104169154.5
7,              931601047.8,              120782529.3
7,             1272603069.4,              156102701.3
7,              972262950.3,              125249277.9
7,              816991604.6,               92967510.4
7,             1595839953.0,              188717490.7
7,             1351761165.4,              169198768.2
7,             1347481151.3,              166206196.4
7,             1724705163.0,              198343242.5
7,              998310759.1,              125438719.3
7,             1302491455.8,              158739286.5
7,             1378251973.1,              172544083.6
7,             1218999460.0,              143752216.0
7,             1565992807.7,              183092929.2
7,             1702611051.1,              192607300.9
7,             1242650241.8,              146481788.6
7,             1146293877.9,              130157814.7
7,             1401762269.7,              175351802.3
7,             1416984396.2,              178799808.3
7,             1635432890.6,              191161670.5
7,              869575136.9,              106173369.1
8,              548218359.2,               60294140.5
8,             1829427761.2,              214189078.8
8,             1787081175.6,              205291658.6
8,              996249130.7,              128270165.9
8,             1171858207.7,              134042830.8
8,              782659001.2,               84669774.7
8,              972262950.3,              125249277.9
8,             1764309336.5,              203726872.6
8,             1635432890.6,              191161670.5
8,             1807949946.2,              205449445.3
8,             1272603069.4,              156102701.3
8,             1715299380.5,              200001369.5
8,              841486655.1,              104169154.5
8,              895328713.0,              111811444.2
8,             1146293877.9,              130157814.7
8,             1199067036.1,              138342501.2
8,             1403262232.4,              175829379.2
8,             1178119702.3,              136562923.7
8,              902288825.3,              114818775.7
8,             1224402630.3,              148760691.8
8,              835351989.4,              103517087.9
8,             1565992807.7,              183092929.2
8,             1702611051.1,              192607300.9
8,             1259664091.9,              149445479.6
8,             1128547085.6,              128314435.5
8,             1331763491.2,              163784976.5
8,             1158911944.0,              133709459.7
8,             1413139086.3,              176726605.4
8,             1374653184.9,              173604189.9
8,             1195507920.2,              137530291.3
8,             1440926300.2,              180182946.7
8,             1736607622.0,              202704727.7
8,              869575136.9,              106173369.1
8,             1253876196.8,              148818645.8
8,             1209541257.2,              143954918.4
8,             1454651725.8,              181080330.2
8,              889567409.3,              109780458.7
8,             1595785740.8,              183282297.4
8,             1595839953.0,              188717490.7
8,              927583216.8,              115859092.5
8,             1336913683.5,              171692919.0
8,             1302491455.8,              158739286.5
8,              931601047.8,              120782529.3
8,             1306627304.9,              163504336.5
8,              816991604.6,               92967510.4
8,              815767550.3,               91948654.8
8,             1401762269.7,              175351802.3
8,             1596952236.1,              191110756.5
8,             1703251136.2,              196106519.7
8,             1335440328.4,              164994179.5
8,             1293898394.0,              158111949.8
8,             1416984396.2,              178799808.3
8,              813143212.1,               91687729.6
9,              548218359.2,               60294140.5
9,             1829427761.2,              214189078.8
9,             1304319124.6,              163174215.7
9,             1772323089.9,              207341150.4
9,              931601047.8,              120782529.3
9,              927583216.8,              115859092.5
9,              813143212.1,               91687729.6
9,             1560797035.9,              189684907.7
9,             1145512733.9,              131983036.3
9,             1416984396.2,              178799808.3
9,              895328713.0,              111811444.2
9,             1710346006.2,              198916460.7
9,              759198961.5,               81302519.2
9,             1736607622.0,              202704727.7
9,             1149659207.5,              132571203.1
9,              902288825.3,              114818775.7
9,             1396009776.2,              175831795.4
9,             1263310203.2,              151182318.0
9,              841486655.1,              104169154.5
9,             1158911944.0,              133709459.7
9,             1128547085.6,              128314435.5
9,             1224402630.3,              148760691.8
9,              972262950.3,              125249277.9
9,             1196666386.9,              138063145.5
9,             1220737100.1,              144759090.0
9,             1713453183.9,              200317226.9
9,             1776451190.5,              208562304.4
9,             1335440328.4,              164994179.5
9,             1782326152.7,              210301391.0
9,             1765631230.6,              204863448.6
9,             1389439817.2,              174707589.0
9,             1635432890.6,              191161670.5
9,              869575136.9,              106173369.1
9,             1219429376.9,              144206243.4
9,              889567409.3,              109780458.7
9,             1423283725.7,              181775681.4
9,             1306001825.8,              163818799.0
9,              996249130.7,              128270165.9
9,             1200766018.9,              142518263.0
9,             1304022858.4,              162285833.9
9,             1367210862.9,              174684201.4
9,             1764309336.5,              203726872.6
9,             1299297237.8,              161622294.5
9,             1199067036.1,              138342501.2
9,             1253876196.8,              148818645.8
9,             1163556970.7,              134353870.3
9,             1703251136.2,              196106519.7
9,             1336913683.5,              171692919.0
9,             1413139086.3,              176726605.4
9,             1272603069.4,              156102701.3
9,             1202669858.4,              142575935.0
9,             1259664091.9,              149445479.6
9,             1195507920.2,              137530291.3
9,              835351989.4,              103517087.9
9,             1293898394.0,              158111949.8
9,             1596952236.1,              191110756.5
9,             1702611051.1,              192607300.9
9,             1332263926.0,              164432385.1
9,              815767550.3,               91948654.8
9,             1209541257.2,              143954918.4
9,             1296065724.3,              158740019.5
9,             1178119702.3,              136562923.7
9,             1176384132.2,              135892388.0
9,              816991604.6,               92967510.4
9,             1213003642.4,              144023003.6
9,              782659001.2,               84669774.7
10,              548218359.2,               60294140.5
10,             1829427761.2,              214189078.8
10,             1187846999.0,              138971136.2
10,             1213003642.4,              144023003.6
10,             1425814042.3,              182391911.5
10,             1396009776.2,              175831795.4
10,             1202669858.4,              142575935.0
10,              751331745.5,               72365102.5
10,              913680357.5,              117992667.2
10,              931601047.8,              120782529.3
10,             1140282240.2,              129411515.5
10,              895328713.0,              111811444.2
10,             1736607622.0,              202704727.7
10,             1293898394.0,              158111949.8
10,             1710346006.2,              198916460.7
10,              902288825.3,              114818775.7
10,             1396792542.7,              177337816.6
10,             1304319124.6,              163174215.7
10,             1782326152.7,              210301391.0
10,              887341568.5,              110803100.8
10,              815767550.3,               91948654.8
10,             1696524106.6,              196784750.2
10,             1296065724.3,              158740019.5
10,             1321407818.3,              165257505.4
10,             1635432890.6,              191161670.5
10,             1389439817.2,              174707589.0
10,             1200766018.9,              142518263.0
10,             1367210862.9,              174684201.4
10,             1766287831.9,              209005458.0
10,             1163556970.7,              134353870.3
10,             1178119702.3,              136562923.7
10,             1560797035.9,              189684907.7
10,              996249130.7,              128270165.9
10,             1116237351.1,              128467034.7
10,             1596952236.1,              191110756.5
10,             1209541257.2,              143954918.4
10,              835351989.4,              103517087.9
10,             1240592494.8,              150520326.0
10,             1713453183.9,              200317226.9
10,              816991604.6,               92967510.4
10,             1299297237.8,              161622294.5
10,             1145512733.9,              131983036.3
10,             1190295771.4,              141910808.1
10,              972262950.3,              125249277.9
10,             1402983109.1,              182266179.1
10,             1250551011.6,              153928447.3
10,             1149659207.5,              132571203.1
10,             1306001825.8,              163818799.0
10,              841486655.1,              104169154.5
10,             1558847375.4,              183148993.6
10,              869575136.9,              106173369.1
10,             1224402630.3,              148760691.8
10,             1176384132.2,              135892388.0
10,             1701225157.2,              196835789.6
10,             1336913683.5,              171692919.0
10,             1304022858.4,              162285833.9
10,             1218216044.7,              144911171.1
10,             1272603069.4,              156102701.3
10,              813143212.1,               91687729.6
10,             1430293010.8,              182567148.3
10,             1158911944.0,              133709459.7
10,             1757452828.5,              206245296.5
10,             1292015833.6,              157225957.1
10,             1746270034.9,              203638371.3
10,              782659001.2,               84669774.7
10,              759198961.5,               81302519.2
11,              548218359.2,               60294140.5
11,             1852237311.6,              221530511.5
11,             1740346914.5,              205874629.5
11,             1812008105.0,              212172736.6
11,              810629843.0,               93504304.5
11,             1148654376.0,              137497242.1
11,              706310998.8,               72212502.6
11,              895328713.0,              111811444.2
11,             1430293010.8,              182567148.3
11,             1266252255.9,              154609420.8
11,             1696524106.6,              196784750.2
11,             1757452828.5,              206245296.5
11,             1304022858.4,              162285833.9
11,             1560797035.9,              189684907.7
11,              902288825.3,              114818775.7
11,              931601047.8,              120782529.3
11,             1250551011.6,              153928447.3
11,              763147787.1,               85597910.5
11,              887341568.5,              110803100.8
11,             1374931225.9,              177601597.3
11,             1765569694.3,              210293594.8
11,             1145512733.9,              131983036.3
11,             1190295771.4,              141910808.1
11,             1304319124.6,              163174215.7
11,              972262950.3,              125249277.9
11,             1831989165.0,              217588257.0
11,             1133478902.8,              129596863.3
11,             1183458682.2,              139930026.1
11,             1402983109.1,              182266179.1
11,             1272603069.4,              156102701.3
11,             1367210862.9,              174684201.4
11,             1306001825.8,              163818799.0
11,             1306228596.5,              163950260.3
11,             1710346006.2,              198916460.7
11,             1228705333.5,              153617229.8
11,             1781255561.4,              210303679.0
11,             1829427761.2,              214189078.8
11,              835351989.4,              103517087.9
11,             1298422761.8,              159299711.2
11,             1292015833.6,              157225957.1
11,             1558847375.4,              183148993.6
11,             1299297237.8,              161622294.5
11,             1596952236.1,              191110756.5
11,             1336913683.5,              171692919.0
11,              841486655.1,              104169154.5
11,             1448263847.0,              183086009.5
11,             1604036054.3,              195925439.4
11,              925878050.4,              118111137.3
11,             1321407818.3,              165257505.4
11,              996249130.7,              128270165.9
11,             1293898394.0,              158111949.8
11,              913680357.5,              117992667.2
11,             1224402630.3,              148760691.8
11,             1425814042.3,              182391911.5
11,             1713453183.9,              200317226.9
11,              945418985.5,              121803118.8
11,             1296065724.3,              158740019.5
11,              759198961.5,               81302519.2
11,              865918945.0,              106697971.6
11,             1731583195.8,              202995837.5
11,             1729331695.1,              202522996.4
11,             1116237351.1,              128467034.7
11,             1259729070.3,              154337691.4
11,             1196322431.5,              148691787.2
11,              743569385.7,               78378588.9
11,             1363063750.8,              171722417.1
11,             1701225157.2,              196835789.6
12,              548218359.2,               60294140.5
12,             1880337858.4,              226329622.7
12,             1319983025.8,              168373955.9
12,             1847097277.7,              218584423.0
12,             1250551011.6,              153928447.3
12,              741196968.4,               82730238.3
12,             1169863765.0,              137979671.9
12,             1713453183.9,              200317226.9
12,             1425814042.3,              182391911.5
12,             1596952236.1,              191110756.5
12,              884358692.1,              113312248.8
12,             1289221808.5,              159385501.0
12,             1604036054.3,              195925439.4
12,              996249130.7,              128270165.9
12,             1710346006.2,              198916460.7
12,             1196322431.5,              148691787.2
12,             1735614220.0,              209239886.7
12,             1306001825.8,              163818799.0
12,             1344948805.8,              172463693.1
12,             1696524106.6,              196784750.2
12,             1306228596.5,              163950260.3
12,             1148654376.0,              137497242.1
12,             1304319124.6,              163174215.7
12,              706310998.8,               72212502.6
12,             1448263847.0,              183086009.5
12,             1190295771.4,              141910808.1
12,             1814128147.1,              215363845.5
12,             1133478902.8,              129596863.3
12,             1145512733.9,              131983036.3
12,              931601047.8,              120782529.3
12,             1336913683.5,              171692919.0
12,              829705336.8,               95936428.5
12,             1765772584.3,              212807676.0
12,             1731583195.8,              202995837.5
12,             1259729070.3,              154337691.4
12,             1260498155.5,              155126518.4
12,              841486655.1,              104169154.5
12,             1299297237.8,              161622294.5
12,             1818707320.7,              218202087.1
12,              925878050.4,              118111137.3
12,             1370193208.2,              177091531.8
12,             1280577582.6,              158524901.5
12,             1228705333.5,              153617229.8
12,             1367210862.9,              174684201.4
12,             1183458682.2,              139930026.1
12,             1852237311.6,              221530511.5
12,              763147787.1,               85597910.5
12,              902288825.3,              114818775.7
12,             1560797035.9,              189684907.7
12,             1765569694.3,              210293594.8
12,             1374931225.9,              177601597.3
12,              835351989.4,              103517087.9
12,             1192432426.1,              146318010.7
12,             1701225157.2,              196835789.6
12,             1304022858.4,              162285833.9
12,             1729331695.1,              202522996.4
12,             1224526233.5,              151556590.1
12,              945418985.5,              121803118.8
12,             1778104507.5,              215275023.3
12,              865918945.0,              106697971.6
12,             1272411001.5,              158047824.3
12,             1384004906.3,              179072124.3
12,              972262950.3,              125249277.9
12,              913680357.5,              117992667.2
12,             1116237351.1,              128467034.7
12,             1603931375.7,              194742172.9
12,             1430293010.8,              182567148.3
12,              810629843.0,               93504304.5
12,             1558847375.4,              183148993.6
12,             1224402630.3,              148760691.8
12,             1402983109.1,              182266179.1
13,              548218359.2,               60294140.5
13,             1880337858.4,              226329622.7
13,             1313124153.3,              165205860.4
13,             1722713933.7,              200867647.6
13,             1370193208.2,              177091531.8
13,             1731583195.8,              202995837.5
13,             1319983025.8,              168373955.9
13,             1603931375.7,              194742172.9
13,             1145512733.9,              131983036.3
13,             1560797035.9,              189684907.7
13,             1262742469.5,              161132722.2
13,              652141867.0,               66329284.2
13,              775441175.7,               93008432.1
13,             1344948805.8,              172463693.1
13,             1778104507.5,              215275023.3
13,             1422739078.3,              186675712.0
13,              994740898.6,              128996126.1
13,             1698448148.2,              199888016.0
13,             1814128147.1,              215363845.5
13,             1735614220.0,              209239886.7
13,             1169863765.0,              137979671.9
13,             1402983109.1,              182266179.1
13,              931601047.8,              120782529.3
13,             1818707320.7,              218202087.1
13,             1595506200.3,              193486197.2
13,             1148654376.0,              137497242.1
13,             1713453183.9,              200317226.9
13,             1733184712.8,              207781417.2
13,              899639796.6,              116968016.8
13,             1180297375.2,              143652654.1
13,             1365791457.5,              175007395.0
13,              865918945.0,              106697971.6
13,             1729331695.1,              202522996.4
13,             1245333286.3,              156416706.4
13,             1605720543.1,              197196016.0
13,              970133476.6,              122220231.1
13,             1698333308.3,              198760292.4
13,              945418985.5,              121803118.8
13,             1133478902.8,              129596863.3
13,              913680357.5,              117992667.2
13,              884358692.1,              113312248.8
13,             1828961525.3,              222715075.8
13,             1760552156.4,              209921958.6
13,              741196968.4,               82730238.3
13,             1299297237.8,              161622294.5
13,             1430868146.1,              187091098.2
13,             1374049924.8,              180102307.0
13,             1141343472.8,              130638255.3
13,              972262950.3,              125249277.9
13,              829705336.8,               95936428.5
13,             1765569694.3,              210293594.8
13,             1411326841.1,              182724283.1
13,             1765772584.3,              212807676.0
13,              841486655.1,              104169154.5
13,              925878050.4,              118111137.3
13,              866851930.9,              109585058.5
13,              835351989.4,              103517087.9
13,             1196322431.5,              148691787.2
13,             1300638354.5,              164721866.9
13,             1604036054.3,              195925439.4
13,              763147787.1,               85597910.5
13,              810629843.0,               93504304.5
13,             1192432426.1,              146318010.7
13,             1221884151.5,              156183970.3
13,             1336913683.5,              171692919.0
13,             1732321531.1,              204346967.4
13,              706310998.8,               72212502.6
14,              548218359.2,               60294140.5
14,             1896178188.0,              231150516.2
14,             1290939015.2,              162771737.7
14,             1293575640.7,              162926423.8
14,              741196968.4,               82730238.3
14,             1245333286.3,              156416706.4
14,             1682092959.3,              198150391.5
14,             1605720543.1,              197196016.0
14,              716309137.1,               77054229.8
14,             1156847790.9,              139899886.5
14,              972262950.3,              125249277.9
14,              652141867.0,               66329284.2
14,             1578703248.2,              194931520.0
14,             1698192857.0,              203654273.6
14,             1221122640.6,              150088036.7
14,              706310998.8,               72212502.6
14,             1141343472.8,              130638255.3
14,             1347616923.4,              178060657.7
14,             1221884151.5,              156183970.3
14,              866851930.9,              109585058.5
14,             1300638354.5,              164721866.9
14,             1818707320.7,              218202087.1
14,             1344948805.8,              172463693.1
14,              810629843.0,               93504304.5
14,              931601047.8,              120782529.3
14,             1828961525.3,              222715075.8
14,             1148654376.0,              137497242.1
14,             1765772584.3,              212807676.0
14,              899639796.6,              116968016.8
14,             1313124153.3,              165205860.4
14,             1563212689.0,              192969106.7
14,             1422739078.3,              186675712.0
14,              945418985.5,              121803118.8
14,             1192432426.1,              146318010.7
14,             1319983025.8,              168373955.9
14,              775441175.7,               93008432.1
14,             1411326841.1,              182724283.1
14,             1367671692.7,              181096765.9
14,             1430868146.1,              187091098.2
14,              970133476.6,              122220231.1
14,             1732321531.1,              204346967.4
14,             1778104507.5,              215275023.3
14,             1765569694.3,              210293594.8
14,             1145512733.9,              131983036.3
14,             1402983109.1,              182266179.1
14,             1180297375.2,              143652654.1
14,             1733184712.8,              207781417.2
14,              829705336.8,               95936428.5
14,             1760552156.4,              209921958.6
14,             1146377165.1,              135185675.1
14,             1586951779.6,              196451066.5
14,              925878050.4,              118111137.3
14,             1811317732.8,              217569489.8
14,              763147787.1,               85597910.5
14,             1560797035.9,              189684907.7
14,             1196322431.5,              148691787.2
14,              812887547.1,               94447249.2
14,             1876175682.9,              227654185.9
14,             1735614220.0,              209239886.7
14,              835351989.4,              103517087.9
14,             1336913683.5,              171692919.0
14,              930472968.2,              118831211.6
14,             1880040318.9,              227872043.6
14,              913680357.5,              117992667.2
14,              884358692.1,              113312248.8
14,              994740898.6,              128996126.1
14,              841486655.1,              104169154.5
14,              847989974.8,              107175223.1
14,             1262742469.5,              161132722.2
14,             1694534788.8,              200595648.6
14,             1133478902.8,              129596863.3
15,              548218359.2,               60294140.5
15,             1896178188.0,              231150516.2
15,             1707060101.8,              205822977.1
15,              675956213.7,               70545687.8
15,             1765772584.3,              212807676.0
15,             1569163883.9,              194129316.8
15,              806272251.5,               93376743.7
15,              994740898.6,              128996126.1
15,             1300638354.5,              164721866.9
15,              652141867.0,               66329284.2
15,             1765569694.3,              210293594.8
15,             1257544097.3,              157969666.6
15,             1694534788.8,              200595648.6
15,              825163135.6,              100153176.4
15,             1578703248.2,              194931520.0
15,              969005136.5,              127761332.6
15,             1313124153.3,              165205860.4
15,             1156847790.9,              139899886.5
15,             1336913683.5,              171692919.0
15,             1316669243.8,              168423301.3
15,             1563212689.0,              192969106.7
15,             1293575640.7,              162926423.8
15,             1347616923.4,              178060657.7
15,             1411154025.4,              188736217.9
15,              812887547.1,               94447249.2
15,             1344948805.8,              172463693.1
15,             1400189257.8,              182657827.9
15,              692491963.6,               72335206.9
15,              810629843.0,               93504304.5
15,             1322928163.9,              169805096.4
15,              866851930.9,              109585058.5
15,             1221122640.6,              150088036.7
15,             1586951779.6,              196451066.5
15,              835351989.4,              103517087.9
15,             1680510410.7,              197953811.0
15,             1560797035.9,              189684907.7
15,              896674818.3,              119633989.3
15,             1760552156.4,              209921958.6
15,             1367671692.7,              181096765.9
15,              841486655.1,              104169154.5
15,             1290939015.2,              162771737.7
15,             1682092959.3,              198150391.5
15,             1847097237.1,              227917287.5
15,             1172942485.2,              148908755.7
15,              847989974.8,              107175223.1
15,             1722125093.5,              207381371.6
15,             1392423800.6,              181926174.1
15,              884358692.1,              113312248.8
15,             1262742469.5,              161132722.2
15,             1146377165.1,              135185675.1
15,             1886343229.2,              230517786.1
15,              931601047.8,              120782529.3
15,             1735614220.0,              209239886.7
15,              763147787.1,               85597910.5
15,              945418985.5,              121803118.8
15,             1733184712.8,              207781417.2
15,              833131131.2,              102362540.6
15,             1221884151.5,              156183970.3
15,             1605720543.1,              197196016.0
15,             1805544430.4,              224207169.0
15,             1141343472.8,              130638255.3
15,             1698192857.0,              203654273.6
15,              741196968.4,               82730238.3
15,              775441175.7,               93008432.1
15,             1778104507.5,              215275023.3
15,              716309137.1,               77054229.8
15,             1145512733.9,              131983036.3
15,              846440970.4,              107084080.5
15,             1148654376.0,              137497242.1
15,             1133478902.8,              129596863.3
15,             1404936799.0,              182878493.2
15,             1245333286.3,              156416706.4
15,             1407432764.7,              183985547.0
16,              548218359.2,               60294140.5
16,             1896178188.0,              231150516.2
16,             1798222031.9,              220186960.7
16,             1727774046.5,              208867114.9
16,              652141867.0,               66329284.2
16,             1722125093.5,              207381371.6
16,              692491963.6,               72335206.9
16,             1805544430.4,              224207169.0
16,              716309137.1,               77054229.8
16,             1011773284.7,              129602209.9
16,             1317122531.3,              170928845.1
16,             1123636600.6,              130215848.1
16,              847989974.8,              107175223.1
16,             1407432764.7,              183985547.0
16,             1554149071.7,              189811493.8
16,             1146377165.1,              135185675.1
16,              818687129.1,              105406679.5
16,             1680510410.7,              197953811.0
16,             1172942485.2,              148908755.7
16,             1856084785.3,              228723824.2
16,             1740279943.3,              211850704.2
16,             1694534788.8,              200595648.6
16,             1150676372.2,              139345602.1
16,             1334517367.1,              175170083.6
16,              926273878.1,              121965945.4
16,              797163011.7,               93222860.8
16,             1404936799.0,              182878493.2
16,              846440970.4,              107084080.5
16,             1707060101.8,              205822977.1
16,              908314350.3,              120855476.6
16,             1278048876.4,              163942415.0
16,             1156847790.9,              139899886.5
16,             1563212689.0,              192969106.7
16,             1316669243.8,              168423301.3
16,              741196968.4,               82730238.3
16,             1313124153.3,              165205860.4
16,              799108245.0,               99802157.3
16,             1145512733.9,              131983036.3
16,              888728525.7,              113546247.2
16,             1300638354.5,              164721866.9
16,             1844895951.9,              228435506.9
16,              875125407.7,              113329069.8
16,              775441175.7,               93008432.1
16,             1886343229.2,              230517786.1
16,             1347616923.4,              178060657.7
16,              866851930.9,              109585058.5
16,             1578644366.0,              197908256.4
16,             1682092959.3,              198150391.5
16,             1569163883.9,              194129316.8
16,              763147787.1,               85597910.5
16,             1765772584.3,              212807676.0
16,              952069752.4,              127969770.9
16,             1221884151.5,              156183970.3
16,             1262742469.5,              161132722.2
16,             1148654376.0,              137497242.1
16,             1367671692.7,              181096765.9
16,             1245333286.3,              156416706.4
16,             1411154025.4,              188736217.9
16,             1257544097.3,              157969666.6
16,             1732790195.1,              209736268.2
16,             1778104507.5,              215275023.3
16,             1392423800.6,              181926174.1
16,             1875411727.9,              230000633.2
16,             1400189257.8,              182657827.9
16,              994740898.6,              128996126.1
16,             1209102977.8,              151330860.5
16,              896674818.3,              119633989.3
16,             1358654306.6,              179919842.7
16,             1141343472.8,              130638255.3
16,             1697414263.4,              205077959.6
16,              675956213.7,               70545687.8
17,              548218359.2,               60294140.5
17,             1885873288.6,              231868711.1
17,             1256021974.5,              163947141.1
17,             1771937515.1,              214303030.1
17,              652141867.0,               66329284.2
17,             1563212689.0,              192969106.7
17,             1407432764.7,              183985547.0
17,              847989974.8,              107175223.1
17,              866851930.9,              109585058.5
17,              908314350.3,              120855476.6
17,             1136046303.3,              134647562.9
17,             1129143946.1,              131898131.4
17,             1554149071.7,              189811493.8
17,             1132385656.0,              132566931.0
17,             1221884151.5,              156183970.3
17,              799108245.0,               99802157.3
17,              788682706.1,               94346335.4
17,              952069752.4,              127969770.9
17,             1805544430.4,              224207169.0
17,             1856084785.3,              228723824.2
17,             1327427926.0,              173352370.9
17,              818687129.1,              105406679.5
17,             1694534788.8,              200595648.6
17,              678141913.9,               70610122.8
17,             1844895951.9,              228435506.9
17,             1344100324.0,              176439426.3
17,             1107179801.6,              130018811.6
17,              912799428.9,              122021118.8
17,              877941014.0,              116713564.8
17,             1776821616.6,              218324092.8
17,             1569163883.9,              194129316.8
17,             1578644366.0,              197908256.4
17,             1141466264.7,              137936597.5
17,             1875411727.9,              230000633.2
17,             1367671692.7,              181096765.9
17,              875125407.7,              113329069.8
17,              692491963.6,               72335206.9
17,              763147787.1,               85597910.5
17,             1334517367.1,              175170083.6
17,              994740898.6,              128996126.1
17,              675956213.7,               70545687.8
17,             1722125093.5,              207381371.6
17,             1765772584.3,              212807676.0
17,             1392423800.6,              181926174.1
17,             1798222031.9,              220186960.7
17,             1245333286.3,              156416706.4
17,              832679266.5,              106005636.7
17,             1336627487.3,              175552663.2
17,             1400189257.8,              182657827.9
17,              846440970.4,              107084080.5
17,              741196968.4,               82730238.3
17,             1732790195.1,              209736268.2
17,             1554149071.7,              189811493.8
17,             1284546777.0,              165397616.9
17,             1679961465.8,              199211835.3
17,             1209102977.8,              151330860.5
17,             1358654306.6,              179919842.7
17,             1298692382.3,              167774356.8
17,             1172942485.2,              148908755.7
17,             1123636600.6,              130215848.1
17,             1707060101.8,              205822977.1
17,             1752721580.2,              212773660.2
17,             1305174659.8,              172243327.1
17,             1740279943.3,              211850704.2
17,              896674818.3,              119633989.3
17,             1404936799.0,              182878493.2
17,             1011773284.7,              129602209.9
17,             1150676372.2,              139345602.1
17,             1156847790.9,              139899886.5
17,             1558213398.7,              191692150.4
17,              716309137.1,               77054229.8
17,             1347616923.4,              178060657.7
17,             1695875843.6,              205437029.1
17,             1411154025.4,              188736217.9
17,              775441175.7,               93008432.1
17,             1554149071.7,              189811493.8
17,             1727774046.5,              208867114.9
18,              548218359.2,               60294140.5
18,             2078536609.9,              247746097.8
18,             1127406306.8,              132409209.9
18,             1863433942.4,              230186087.8
18,             1233227430.8,              157178602.3
18,             1776821616.6,              218324092.8
18,              952069752.4,              127969770.9
18,             1136046303.3,              134647562.9
18,             1411154025.4,              188736217.9
18,             1219154642.6,              152835985.4
18,             1554149071.7,              189811493.8
18,              875125407.7,              113329069.8
18,             1707060101.8,              205822977.1
18,             1555537888.2,              192342699.6
18,              652141867.0,               66329284.2
18,              846440970.4,              107084080.5
18,             1161179994.3,              142786791.3
18,              877941014.0,              116713564.8
18,             1805544430.4,              224207169.0
18,              799108245.0,               99802157.3
18,             1554149071.7,              189811493.8
18,              775441175.7,               93008432.1
18,              733943708.7,               87170333.9
18,             1919121692.0,              242469121.4
18,             1161892703.1,              144418870.2
18,              800616601.8,              101535342.5
18,             1136337117.9,              142577974.6
18,             1284546777.0,              165397616.9
18,             1324611322.5,              175330078.9
18,             1390157511.7,              182453470.6
18,             1722125093.5,              207381371.6
18,              983794921.5,              132203984.1
18,              788682706.1,               94346335.4
18,             1246675347.2,              157819862.3
18,              662359369.1,               66491947.1
18,             1578644366.0,              197908256.4
18,             1132385656.0,              132566931.0
18,             1347616923.4,              178060657.7
18,              776492774.1,               93385905.3
18,             1172942485.2,              148908755.7
18,              896674818.3,              119633989.3
18,             1752721580.2,              212773660.2
18,              678141913.9,               70610122.8
18,             1401304715.3,              184286442.7
18,              847989974.8,              107175223.1
18,             1298692382.3,              167774356.8
18,              908747025.4,              121250909.0
18,              858136884.5,              107679981.2
18,             1256021974.5,              163947141.1
18,             1209102977.8,              151330860.5
18,              912799428.9,              122021118.8
18,             1569163883.9,              194129316.8
18,             1344100324.0,              176439426.3
18,             1563910507.0,              193124428.6
18,             1762686190.5,              213633938.4
18,             1771937515.1,              214303030.1
18,              881411793.2,              118177149.5
18,              979004997.6,              128165287.5
18,             1563212689.0,              192969106.7
18,              866851930.9,              109585058.5
18,             1400189257.8,              182657827.9
18,             1670588130.1,              199632062.0
18,              702933650.9,               77411278.5
18,             1305174659.8,              172243327.1
18,             1732790195.1,              209736268.2
18,             1727774046.5,              208867114.9
18,             1358654306.6,              179919842.7
18,              797224104.4,               96561503.6
18,             1695875843.6,              205437029.1
18,              908314350.3,              120855476.6
18,             1783545296.1,              220210274.4
18,             1336627487.3,              175552663.2
18,              692491963.6,               72335206.9
18,              832679266.5,              106005636.7
18,             1885873288.6,              231868711.1
18,             1367671692.7,              181096765.9
18,              675956213.7,               70545687.8
18,             1844895951.9,              228435506.9
18,             1554149071.7,              189811493.8
18,             1740279943.3,              211850704.2
18,              874646646.3,              112941337.6
18,             1856084785.3,              228723824.2
18,             1689009701.7,              202834258.9
18,             1221884151.5,              156183970.3
18,             1720613308.5,              206019001.9
18,              818687129.1,              105406679.5
19,              548218359.2,               60294140.5
19,             2078536609.9,              247746097.8
19,             1195340092.3,              150245006.8
19,             1413210967.9,              188774784.1
19,              652141867.0,               66329284.2
19,             1783545296.1,              220210274.4
19,             1805544430.4,              224207169.0
19,             1295390566.2,              172681722.0
19,             1563212689.0,              192969106.7
19,              721801475.3,               79072167.8
19,              675956213.7,               70545687.8
19,              775441175.7,               93008432.1
19,             1722125093.5,              207381371.6
19,              832679266.5,              106005636.7
19,              662359369.1,               66491947.1
19,              896674818.3,              119633989.3
19,             1411154025.4,              188736217.9
19,             1919121692.0,              242469121.4
19,             1885873288.6,              231868711.1
19,             1370905659.8,              183476575.2
19,             1291821536.1,              168415693.1
19,             1136337117.9,              142577974.6
19,              908747025.4,              121250909.0
19,              908314350.3,              120855476.6
19,             1554149071.7,              189811493.8
19,             1357268883.3,              178778259.4
19,             1219154642.6,              152835985.4
19,             1237250169.5,              157234933.4
19,             1720613308.5,              206019001.9
19,              847989974.8,              107175223.1
19,             1358654306.6,              179919842.7
19,              858136884.5,              107679981.2
19,              834285437.2,              106293152.9
19,             1776821616.6,              218324092.8
19,             1219154642.6,              152835985.4
19,             1245329752.3,              160153950.5
19,              983794921.5,              132203984.1
19,             1172942485.2,              148908755.7
19,             1219154642.6,              152835985.4
19,             1347616923.4,              178060657.7
19,             1727774046.5,              208867114.9
19,              970975460.5,              129393242.3
19,             1344100324.0,              176439426.3
19,              841181286.7,              106656824.4
19,             1732790195.1,              209736268.2
19,             1563910507.0,              193124428.6
19,             1401304715.3,              184286442.7
19,              818687129.1,              105406679.5
19,              733943708.7,               87170333.9
19,             1844895951.9,              228435506.9
19,              882719675.1,              119168403.5
19,              702933650.9,               77411278.5
19,             1554149071.7,              189811493.8
19,              912799428.9,              122021118.8
19,              866851930.9,              109585058.5
19,             1256021974.5,              163947141.1
19,              877941014.0,              116713564.8
19,             1161892703.1,              144418870.2
19,             1689009701.7,              202834258.9
19,              799108245.0,               99802157.3
19,             1233227430.8,              157178602.3
19,             1207931566.0,              151761060.7
19,              784277212.8,               96257044.3
19,             1569163883.9,              194129316.8
19,              776492774.1,               93385905.3
19,             1913058563.9,              239595153.5
19,              846440970.4,              107084080.5
19,             1863433942.4,              230186087.8
19,             1181637513.7,              149949394.7
19,              811086477.7,              102615929.1
19,             1284546777.0,              165397616.9
19,             1670588130.1,              199632062.0
19,             1119254995.5,              138286175.6
19,             1221884151.5,              156183970.3
19,             1738809386.3,              215854450.3
19,              869821466.7,              116395903.7
19,             1101699519.6,              134287463.3
19,              881411793.2,              118177149.5
19,              692491963.6,               72335206.9
19,             1578644366.0,              197908256.4
19,             1336627487.3,              175552663.2
19,             1409222883.1,              185790210.0
19,             1707060101.8,              205822977.1
19,              678141913.9,               70610122.8
19,             1161179994.3,              142786791.3
19,             1554149071.7,              189811493.8
19,              952069752.4,              127969770.9
19,              797224104.4,               96561503.6
19,             1555537888.2,              192342699.6
19,             1324611322.5,              175330078.9
19,             1695875843.6,              205437029.1
19,              800616601.8,              101535342.5
19,             1850953671.0,              228841031.2
19,             1367671692.7,              181096765.9
20,              548218359.2,               60294140.5
20,             2078536609.9,              247746097.8
20,             1383056781.0,              186793180.1
20,             1897432967.9,              235812937.3
20,              678141913.9,               70610122.8
20,              662359369.1,               66491947.1
20,             1207931566.0,              151761060.7
20,             1563212689.0,              192969106.7
20,             1563910507.0,              193124428.6
20,              733943708.7,               87170333.9
20,             1172942485.2,              148908755.7
20,              652141867.0,               66329284.2
20,              797224104.4,               96561503.6
20,              979523430.8,              130943588.7
20,             1857743218.5,              231835856.5
20,             1555537888.2,              192342699.6
20,             1121642029.4,              139077388.1
20,              983794921.5,              132203984.1
20,              952069752.4,              127969770.9
20,             2065118696.5,              244563542.2
20,             1850953671.0,              228841031.2
20,             1181637513.7,              149949394.7
20,             1428638776.7,              189979929.4
20,             1136337117.9,              142577974.6
20,              915574855.1,              122907073.3
20,             1919121692.0,              242469121.4
20,             1237250169.5,              157234933.4
20,              877941014.0,              116713564.8
20,             1233227430.8,              157178602.3
20,              970975460.5,              129393242.3
20,              799108245.0,               99802157.3
20,             1291821536.1,              168415693.1
20,             1238493923.1,              158851987.1
20,              921938224.4,              123628058.8
20,             1913058563.9,              239595153.5
20,              683425786.9,               75489664.8
20,              881411793.2,              118177149.5
20,             1347616923.4,              178060657.7
20,             1561420559.1,              192402976.6
20,             1398409880.2,              189127451.8
20,             1324611322.5,              175330078.9
20,             1732790195.1,              209736268.2
20,             1161179994.3,              142786791.3
20,              912799428.9,              122021118.8
20,              869821466.7,              116395903.7
20,             1722125093.5,              207381371.6
20,              775441175.7,               93008432.1
20,             1738809386.3,              215854450.3
20,              866851930.9,              109585058.5
20,             1370905659.8,              183476575.2
20,             1311000858.5,              172799559.1
20,              784277212.8,               96257044.3
20,             1345470313.4,              177565673.3
20,             1358654306.6,              179919842.7
20,             1844895951.9,              228435506.9
20,             1682329543.5,              201647306.8
20,              882719675.1,              119168403.5
20,              837441522.5,              107815672.1
20,             1336627487.3,              175552663.2
20,             1274766513.2,              165950836.5
20,             1214625465.0,              156930490.7
20,             1367671692.7,              181096765.9
20,             1101699519.6,              134287463.3
20,              908747025.4,              121250909.0
20,              896674818.3,              119633989.3
20,             1295390566.2,              172681722.0
20,             1119254995.5,              138286175.6
20,             1685438664.3,              204257970.7
20,              689896013.3,               80436730.5
20,             1726382297.6,              207935290.0
20,             1245329752.3,              160153950.5
20,             1546852581.2,              191788506.2
20,              908314350.3,              120855476.6
20,             1776821616.6,              218324092.8
20,             1885873288.6,              231868711.1
20,             1161892703.1,              144418870.2
20,             1256021974.5,              163947141.1
20,             1695875843.6,              205437029.1
20,              675956213.7,               70545687.8
20,              800616601.8,              101535342.5
20,              818687129.1,              105406679.5
20,              834285437.2,              106293152.9
20,             1783545296.1,              220210274.4
20,             1702070105.4,              206039225.9
20,             1670588130.1,              199632062.0
20,             1392927080.0,              188165469.9
20,             1682237786.4,              199759676.1
20,             1567159270.0,              198390488.0
20,             1805544430.4,              224207169.0
20,             1357268883.3,              178778259.4
20,             1344100324.0,              176439426.3
20,             1727774046.5,              208867114.9
20,              776492774.1,               93385905.3
20,              832679266.5,              106005636.7
20,              811086477.7,              102615929.1
20,             1195340092.3,              150245006.8
21,              548218359.2,               60294140.5
21,             2078536609.9,              247746097.8
21,             1430483285.6,              192870708.0
21,              915574855.1,              122907073.3
21,             1311000858.5,              172799559.1
21,              683425786.9,               75489664.8
21,             1326331469.3,              176086177.9
21,             1245329752.3,              160153950.5
21,              818687129.1,              105406679.5
21,              952069752.4,              127969770.9
21,             1324611322.5,              175330078.9
21,              834285437.2,              106293152.9
21,              652141867.0,               66329284.2
21,             1136337117.9,              142577974.6
21,             1549310455.5,              196091194.1
21,              921938224.4,              123628058.8
21,             1913058563.9,              239595153.5
21,             1358810011.0,              182851657.9
21,             1885873288.6,              231868711.1
21,              908314350.3,              120855476.6
21,              689896013.3,               80436730.5
21,             1897432967.9,              235812937.3
21,              784277212.8,               96257044.3
21,              970975460.5,              129393242.3
21,             1702070105.4,              206039225.9
21,              839553454.1,              109543739.4
21,              882719675.1,              119168403.5
21,             1274766513.2,              165950836.5
21,             1101699519.6,              134287463.3
21,             1669768021.2,              201682637.6
21,             1345470313.4,              177565673.3
21,              983794921.5,              132203984.1
21,             1195340092.3,              150245006.8
21,              832679266.5,              106005636.7
21,              675956213.7,               70545687.8
21,             1181637513.7,              149949394.7
21,             1919121692.0,              242469121.4
21,              983794921.5,              132203984.1
21,             1582756924.2,              199623033.5
21,             1214625465.0,              156930490.7
21,             1719952481.3,              210494949.5
21,             1685438664.3,              204257970.7
21,              923957297.6,              126839227.8
21,              776492774.1,               93385905.3
21,              797224104.4,               96561503.6
21,             1428638776.7,              189979929.4
21,             1347616923.4,              178060657.7
21,             1246578312.1,              163601602.1
21,              811086477.7,              102615929.1
21,             1738809386.3,              215854450.3
21,              800616601.8,              101535342.5
21,             1868994854.4,              231851140.2
21,             1258766990.9,              164779141.1
21,             2065118696.5,              244563542.2
21,              775441175.7,               93008432.1
21,             1181362818.0,              149147699.1
21,             1121642029.4,              139077388.1
21,              733943708.7,               87170333.9
21,             1392927080.0,              188165469.9
21,             1161179994.3,              142786791.3
21,              877941014.0,              116713564.8
21,             1844895951.9,              228435506.9
21,              662359369.1,               66491947.1
21,              908747025.4,              121250909.0
21,             1783545296.1,              220210274.4
21,              869821466.7,              116395903.7
21,             1238493923.1,              158851987.1
21,              912799428.9,              122021118.8
21,              896674818.3,              119633989.3
21,             1663326351.6,              200531480.4
21,             1398409880.2,              189127451.8
21,             1233227430.8,              157178602.3
21,             1172942485.2,              148908755.7
21,             1344100324.0,              176439426.3
21,              881411793.2,              118177149.5
21,              983794921.5,              132203984.1
21,             1119254995.5,              138286175.6
21,             1237250169.5,              157234933.4
21,             1295390566.2,              172681722.0
21,             1370905659.8,              183476575.2
21,             1898791637.0,              235864610.2
21,             1805544430.4,              224207169.0
21,             1857743218.5,              231835856.5
21,             1895750272.6,              232183412.5
21,             1256021974.5,              163947141.1
21,              866851930.9,              109585058.5
21,             1206497822.8,              152982665.8
21,             1161892703.1,              144418870.2
21,             1205283598.1,              151167058.1
21,             1776821616.6,              218324092.8
21,              678141913.9,               70610122.8
21,             1356239116.1,              182475164.2
21,             1282543199.6,              167508571.1
21,              799108245.0,               99802157.3
21,              979523430.8,              130943588.7
21,             1695875843.6,              205437029.1
21,              837441522.5,              107815672.1
21,             1567159270.0,              198390488.0
21,             1291821536.1,              168415693.1
21,             1850953671.0,              228841031.2
22,              548218359.2,               60294140.5
22,             2078536609.9,              247746097.8
22,             1416657416.2,              191020125.7
22,             1246578312.1,              163601602.1
22,             1669768021.2,              201682637.6
22,             1349772851.6,              179196229.1
22,             1392927080.0,              188165469.9
22,              662359369.1,               66491947.1
22,              652141867.0,               66329284.2
22,              832679266.5,              106005636.7
22,             1356239116.1,              182475164.2
22,              768705337.8,               90631481.5
22,             1206497822.8,              152982665.8
22,             1567159270.0,              198390488.0
22,             1898791637.0,              235864610.2
22,             1549310455.5,              196091194.1
22,              752681768.3,               89490819.6
22,             1375603235.3,              184308745.3
22,              797224104.4,               96561503.6
22,              896674818.3,              119633989.3
22,             1181637513.7,              149949394.7
22,             1685438664.3,              204257970.7
22,              837441522.5,              107815672.1
22,             1192184285.0,              151799847.6
22,              921938224.4,              123628058.8
22,             1237250169.5,              157234933.4
22,              689896013.3,               80436730.5
22,              914681963.2,              122163966.4
22,             1341030190.4,              178199746.8
22,             1101699519.6,              134287463.3
22,             2065118696.5,              244563542.2
22,              912799428.9,              122021118.8
22,              952069752.4,              127969770.9
22,             1897432967.9,              235812937.3
22,              983794921.5,              132203984.1
22,             1398409880.2,              189127451.8
22,              923957297.6,              126839227.8
22,              970169152.0,              131868367.4
22,              877941014.0,              116713564.8
22,              678141913.9,               70610122.8
22,             1119254995.5,              138286175.6
22,             1414276617.2,              189341720.7
22,              983794921.5,              132203984.1
22,             1311000858.5,              172799559.1
22,             1161892703.1,              144418870.2
22,              726801931.8,               87384822.4
22,             1261645427.8,              164894195.6
22,              784277212.8,               96257044.3
22,             1358810011.0,              182851657.9
22,             1783545296.1,              220210274.4
22,             1121642029.4,              139077388.1
22,             1273373237.0,              168370898.7
22,             1378067179.4,              184406988.3
22,             1844699436.7,              229990061.0
22,             1291821536.1,              168415693.1
22,             1245329752.3,              160153950.5
22,             1719952481.3,              210494949.5
22,             1130891426.5,              139940976.2
22,             1868732060.4,              232181605.3
22,              800616601.8,              101535342.5
22,             1256021974.5,              163947141.1
22,             1857852617.9,              231986973.5
22,             1805544430.4,              224207169.0
22,              839553454.1,              109543739.4
22,              915574855.1,              122907073.3
22,             1582756924.2,              199623033.5
22,             1324407414.5,              176720779.9
22,             1838376891.0,              226329527.0
22,             1233227430.8,              157178602.3
22,              775441175.7,               93008432.1
22,              675956213.7,               70545687.8
22,             1686881508.7,              205543667.0
22,             1238493923.1,              158851987.1
22,             1430483285.6,              192870708.0
22,              866372747.2,              113632754.6
22,              818687129.1,              105406679.5
22,              834285437.2,              106293152.9
22,              983794921.5,              132203984.1
22,              776492774.1,               93385905.3
22,              881411793.2,              118177149.5
22,             1172942485.2,              148908755.7
22,             1780408177.2,              219523678.4
22,             1776821616.6,              218324092.8
22,              811086477.7,              102615929.1
22,             1738809386.3,              215854450.3
22,             1857743218.5,              231835856.5
22,             1161179994.3,              142786791.3
22,              899959197.7,              121409231.8
22,             1354061041.0,              179652354.2
22,             1181362818.0,              149147699.1
22,              799108245.0,               99802157.3
22,              869821466.7,              116395903.7
22,             1295390566.2,              172681722.0
22,             1884443804.4,              234000547.4
22,             1701823272.3,              207291880.4
22,             1370905659.8,              183476575.2
22,             1919121692.0,              242469121.4
22,              882719675.1,              119168403.5
22,             1587020164.2,              201445868.8
22,             1801850477.4,              223712777.1
23,              548218359.2,               60294140.5
23,             2078536609.9,              247746097.8
23,             1382291516.9,              185382424.3
23,             1378067179.4,              184406988.3
23,             1780408177.2,              219523678.4
23,              775441175.7,               93008432.1
23,             1701823272.3,              207291880.4
23,             1927563254.5,              242994601.0
23,              811086477.7,              102615929.1
23,              644883160.4,               64043845.1
23,             2075584973.2,              245938412.3
23,             1137405433.9,              141124864.7
23,             1181362818.0,              149147699.1
23,              678141913.9,               70610122.8
23,             1549310455.5,              196091194.1
23,             1274392581.9,              168395184.9
23,             1256021974.5,              163947141.1
23,              983794921.5,              132203984.1
23,             1685438664.3,              204257970.7
23,             1801850477.4,              223712777.1
23,              968328730.3,              132017172.2
23,             1669768021.2,              201682637.6
23,             1582756924.2,              199623033.5
23,             1181637513.7,              149949394.7
23,              786273365.6,               98417776.9
23,             1245329752.3,              160153950.5
23,              881411793.2,              118177149.5
23,             1121642029.4,              139077388.1
23,             1844699436.7,              229990061.0
23,             1870599278.4,              236912174.3
23,             1101699519.6,              134287463.3
23,             1805544430.4,              224207169.0
23,              983794921.5,              132203984.1
23,              689896013.3,               80436730.5
23,             1161179994.3,              142786791.3
23,              800616601.8,              101535342.5
23,             1857852617.9,              231986973.5
23,              662359369.1,               66491947.1
23,              952069752.4,              127969770.9
23,              882719675.1,              119168403.5
23,              853761292.1,              112922152.5
23,              899959197.7,              121409231.8
23,             1838376891.0,              226329527.0
23,             1192184285.0,              151799847.6
23,              983794921.5,              132203984.1
23,             1169047417.8,              145524494.6
23,             1234089740.2,              158945722.7
23,             1356239116.1,              182475164.2
23,             1171546900.7,              145544198.6
23,             1114841002.7,              135285755.7
23,              818687129.1,              105406679.5
23,             1392927080.0,              188165469.9
23,             1857743218.5,              231835856.5
23,             1246578312.1,              163601602.1
23,             1414276617.2,              189341720.7
23,             1311000858.5,              172799559.1
23,             1354061041.0,              179652354.2
23,              914681963.2,              122163966.4
23,             1161892703.1,              144418870.2
23,             1719454549.0,              212008101.2
23,             1567159270.0,              198390488.0
23,              921938224.4,              123628058.8
23,             1776821616.6,              218324092.8
23,              866372747.2,              113632754.6
23,             1341030190.4,              178199746.8
23,             1358810011.0,              182851657.9
23,              915574855.1,              122907073.3
23,             1430483285.6,              192870708.0
23,              726801931.8,               87384822.4
23,             1398409880.2,              189127451.8
23,              675956213.7,               70545687.8
23,             1130891426.5,              139940976.2
23,             1847648751.5,              231813256.5
23,              768705337.8,               90631481.5
23,              877941014.0,              116713564.8
23,             1206497822.8,              152982665.8
23,              784277212.8,               96257044.3
23,              923957297.6,              126839227.8
23,             1416657416.2,              191020125.7
23,             1273373237.0,              168370898.7
23,             1349047098.6,              178509756.9
23,             1370905659.8,              183476575.2
23,              792915533.7,              100044397.6
23,             1738809386.3,              215854450.3
23,             1295390566.2,              172681722.0
23,             1375603235.3,              184308745.3
23,             1261645427.8,              164894195.6
23,             2065118696.5,              244563542.2
23,             1324407414.5,              176720779.9
23,              826637649.3,              108777750.6
23,             1119254995.5,              138286175.6
23,             1783545296.1,              220210274.4
23,              776492774.1,               93385905.3
23,             1291821536.1,              168415693.1
23,             1537536015.9,              194319179.3
23,             1699821482.0,              206577708.9
23,             1349772851.6,              179196229.1
23,              948329852.3,              127644821.1
23,             1919121692.0,              242469121.4
23,              896674818.3,              119633989.3
24,              548218359.2,               60294140.5
24,             2078536609.9,              247746097.8
24,             1738327358.0,              213039648.7
24,             1701823272.3,              207291880.4
24,              829819644.8,              109519928.2
24,              881411793.2,              118177149.5
24,             1375603235.3,              184308745.3
24,             1196006854.2,              155480298.8
24,             1119254995.5,              138286175.6
24,              717842649.0,               85641404.1
24,             1795035703.9,              225170449.9
24,              826637649.3,              108777750.6
24,              784277212.8,               96257044.3
24,             1181362818.0,              149147699.1
24,              678141913.9,               70610122.8
24,             1416657416.2,              191020125.7
24,              964313174.0,              133891368.2
24,             1907977746.2,              243983558.2
24,              662359369.1,               66491947.1
24,             1567159270.0,              198390488.0
24,             1234089740.2,              158945722.7
24,             1354061041.0,              179652354.2
24,             1181637513.7,              149949394.7
24,             1377122628.5,              185397163.0
24,              786273365.6,               98417776.9
24,             1783545296.1,              220210274.4
24,             1392927080.0,              188165469.9
24,             1231160106.3,              157941965.8
24,             1349772851.6,              179196229.1
24,             2075584973.2,              245938412.3
24,             1273373237.0,              168370898.7
24,             1246578312.1,              163601602.1
24,             1390013332.2,              186239844.7
24,              877941014.0,              116713564.8
24,              853761292.1,              112922152.5
24,              901779094.4,              122738234.4
24,             1171546900.7,              145544198.6
24,              882719675.1,              119168403.5
24,              644883160.4,               64043845.1
24,              675956213.7,               70545687.8
24,              678141913.9,               70610122.8
24,              899959197.7,              121409231.8
24,             1161179994.3,              142786791.3
24,             1870599278.4,              236912174.3
24,              792915533.7,              100044397.6
24,             1669768021.2,              201682637.6
24,              915574855.1,              122907073.3
24,              866372747.2,              113632754.6
24,             1582756924.2,              199623033.5
24,             1261645427.8,              164894195.6
24,             1121642029.4,              139077388.1
24,              776492774.1,               93385905.3
24,              952069752.4,              127969770.9
24,             1192111899.3,              150319883.0
24,             1356239116.1,              182475164.2
24,              818687129.1,              105406679.5
24,             1537536015.9,              194319179.3
24,             1217385071.8,              155751045.4
24,             1179430952.5,              149004394.8
24,             1245329752.3,              160153950.5
24,             1358810011.0,              182851657.9
24,             1370905659.8,              183476575.2
24,             1430483285.6,              192870708.0
24,              921938224.4,              123628058.8
24,             1114841002.7,              135285755.7
24,             1130891426.5,              139940976.2
24,             1826308423.2,              233529868.7
24,              726801931.8,               87384822.4
24,             1256021974.5,              163947141.1
24,             1685438664.3,              204257970.7
24,             1699821482.0,              206577708.9
24,             1161892703.1,              144418870.2
24,              896674818.3,              119633989.3
24,             1341030190.4,              178199746.8
24,             1738809386.3,              215854450.3
24,             1760380299.0,              219526547.5
24,             1169047417.8,              145524494.6
24,             1398409880.2,              189127451.8
24,              689896013.3,               80436730.5
24,             1324407414.5,              176720779.9
24,              739690262.9,               92005399.3
24,             1192184285.0,              151799847.6
24,             1349047098.6,              178509756.9
24,              775441175.7,               93008432.1
24,             1719454549.0,              212008101.2
24,             1318121643.9,              175431158.2
24,             1291821536.1,              168415693.1
24,             1137405433.9,              141124864.7
24,             1274392581.9,              168395184.9
24,             2065118696.5,              244563542.2
24,              800616601.8,              101535342.5
24,             1177327302.3,              148447425.3
24,             1364332068.7,              183439190.5
24,              923957297.6,              126839227.8
24,             1350817070.0,              179378620.2
24,             1414276617.2,              189341720.7
24,              948329852.3,              127644821.1
24,             1549310455.5,              196091194.1
24,             1311000858.5,              172799559.1
24,              678141913.9,               70610122.8
25,              548218359.2,               60294140.5
25,             2078536609.9,              247746097.8
25,             1341333754.6,              180383358.3
25,              826637649.3,              108777750.6
25,              678141913.9,               70610122.8
25,              644883160.4,               64043845.1
25,             1318121643.9,              175431158.2
25,              896674818.3,              119633989.3
25,             2065118696.5,              244563542.2
25,             1292021400.2,              171370922.1
25,             1231160106.3,              157941965.8
25,             1738327358.0,              213039648.7
25,              963173264.1,              129598854.7
25,             1567159270.0,              198390488.0
25,             1234089740.2,              158945722.7
25,              915574855.1,              122907073.3
25,             1907977746.2,              243983558.2
25,             1239888807.1,              164025532.2
25,             1192184285.0,              151799847.6
25,              775441175.7,               93008432.1
25,             1192111899.3,              150319883.0
25,             1699821482.0,              206577708.9
25,              866784910.5,              118894121.0
25,             1549310455.5,              196091194.1
25,              792915533.7,              100044397.6
25,              818687129.1,              105406679.5
25,              829819644.8,              109519928.2
25,              905747812.8,              122781124.4
25,              919652525.5,              128400369.2
25,              899959197.7,              121409231.8
25,              678141913.9,               70610122.8
25,             1099082900.1,              135865295.6
25,              784277212.8,               96257044.3
25,             1358810011.0,              182851657.9
25,             1148868736.6,              145538509.0
25,              776492774.1,               93385905.3
25,              866372747.2,              113632754.6
25,              746526362.7,               92192510.8
25,             1853245496.4,              234331750.8
25,             1760380299.0,              219526547.5
25,             1392927080.0,              188165469.9
25,             1324407414.5,              176720779.9
25,              675956213.7,               70545687.8
25,             1390013332.2,              186239844.7
25,             1208696080.3,              157314736.4
25,             1261645427.8,              164894195.6
25,             1291821536.1,              168415693.1
25,             1311000858.5,              172799559.1
25,             1406796045.6,              195431637.0
25,             1738809386.3,              215854450.3
25,              689896013.3,               80436730.5
25,             1130891426.5,              139940976.2
25,             1165078999.1,              145976843.6
25,              739690262.9,               92005399.3
25,             1196006854.2,              155480298.8
25,             1355849877.4,              181549087.6
25,             1137405433.9,              141124864.7
25,              901779094.4,              122738234.4
25,             1105316430.9,              136032645.7
25,              882719675.1,              119168403.5
25,             1784877826.6,              223999809.4
25,             1795035703.9,              225170449.9
25,             1237357347.9,              160429541.1
25,             1341030190.4,              178199746.8
25,              964313174.0,              133891368.2
25,             1826308423.2,              233529868.7
25,             1121642029.4,              139077388.1
25,              662359369.1,               66491947.1
25,             1368035385.8,              185605985.4
25,              786273365.6,               98417776.9
25,             1356239116.1,              182475164.2
25,             1273373237.0,              168370898.7
25,              800616601.8,              101535342.5
25,             1181637513.7,              149949394.7
25,             1719454549.0,              212008101.2
25,             1573022044.8,              202158560.8
25,             1701823272.3,              207291880.4
25,             1870599278.4,              236912174.3
25,             2075584973.2,              245938412.3
25,             1175643781.1,              149387084.9
25,              717842649.0,               85641404.1
25,              853761292.1,              112922152.5
25,             1783545296.1,              220210274.4
25,             1274392581.9,              168395184.9
25,             1669746459.7,              206220842.4
25,             1364332068.7,              183439190.5
25,              678141913.9,               70610122.8
25,              726801931.8,               87384822.4
25,             1119254995.5,              138286175.6
25,             1398409880.2,              189127451.8
26,              548218359.2,               60294140.5
26,             2061621178.0,              250623375.7
26,             1821824774.7,              226893734.8
26,             1870599278.4,              236912174.3
26,             1148868736.6,              145538509.0
26,             1273373237.0,              168370898.7
26,             1355849877.4,              181549087.6
26,             1196006854.2,              155480298.8
26,             1256392827.1,              164562325.9
26,             1099082900.1,              135865295.6
26,              726801931.8,               87384822.4
26,              800147318.3,              101514331.2
26,              662359369.1,               66491947.1
26,             1341333754.6,              180383358.3
26,             1165078999.1,              145976843.6
26,              959556506.0,              132133351.8
26,             1784877826.6,              223999809.4
26,             1670292342.0,              207674951.2
26,             1853245496.4,              234331750.8
26,             1100826484.0,              136232499.8
26,              786273365.6,               98417776.9
26,             1390013332.2,              186239844.7
26,              713701748.9,               80568519.6
26,             1893968636.9,              242979723.0
26,              853761292.1,              112922152.5
26,              843341459.2,              109812102.4
26,              859119104.3,              115466669.1
26,             1356239116.1,              182475164.2
26,             1130827394.7,              141467547.6
26,              746526362.7,               92192510.8
26,             1318121643.9,              175431158.2
26,              866784910.5,              118894121.0
26,              644883160.4,               64043845.1
26,              678141913.9,               70610122.8
26,              919652525.5,              128400369.2
26,             1826308423.2,              233529868.7
26,              829819644.8,              109519928.2
26,             1208696080.3,              157314736.4
26,             1795035703.9,              225170449.9
26,              777147206.8,               94637185.0
26,             1175643781.1,              149387084.9
26,              762305058.3,               93394983.0
26,              678141913.9,               70610122.8
26,              899959197.7,              121409231.8
26,             1270587357.9,              165207725.5
26,             1907977746.2,              243983558.2
26,             1783545296.1,              220210274.4
26,             1549310455.5,              196091194.1
26,             1239569614.0,              161020984.1
26,             1760380299.0,              219526547.5
26,             1738809386.3,              215854450.3
26,             1239888807.1,              164025532.2
26,              739690262.9,               92005399.3
26,             1332996029.6,              179442395.4
26,             1119254995.5,              138286175.6
26,             1192111899.3,              150319883.0
26,              792915533.7,              100044397.6
26,             1735179709.6,              213143500.6
26,              907098645.8,              125285435.3
26,              717842649.0,               85641404.1
26,             1231160106.3,              157941965.8
26,             1367621363.6,              183796811.0
26,             1234089740.2,              158945722.7
26,              896674662.6,              121106151.8
26,              846121055.9,              111601217.2
26,              675956213.7,               70545687.8
26,              800616601.8,              101535342.5
26,             1274392581.9,              168395184.9
26,              689896013.3,               80436730.5
26,              826637649.3,              108777750.6
26,             1398409880.2,              189127451.8
26,             1292021400.2,              171370922.1
26,              818687129.1,              105406679.5
26,              882719675.1,              119168403.5
26,             1719454549.0,              212008101.2
26,             1292021400.2,              171370922.1
26,             1301724147.8,              174939342.7
26,             1824474178.0,              227958434.7
26,             1292021400.2,              171370922.1
26,              902846472.3,              123379143.9
26,             1181637513.7,              149949394.7
26,             1289049088.5,              170777984.5
26,             1324407414.5,              176720779.9
26,              801143271.5,              101604708.7
26,             1358810011.0,              182851657.9
26,              950941811.4,              130644824.6
26,              901779094.4,              122738234.4
26,              778197629.9,               95845928.2
26,              964313174.0,              133891368.2
26,             1368035385.8,              185605985.4
26,             1406796045.6,              195431637.0
26,              866321216.2,              116880276.4
26,              784277212.8,               96257044.3
26,             1669746459.7,              206220842.4
26,              678141913.9,               70610122.8
26,             1192184285.0,              151799847.6
26,             1261645427.8,              164894195.6
26,             1392927080.0,              188165469.9
26,             1567159270.0,              198390488.0
26,             1237357347.9,              160429541.1
27,              548218359.2,               60294140.5
27,             2106904583.0,              258413585.8
27,             1110884295.5,              136730293.5
27,              644883160.4,               64043845.1
27,              655280120.4,               72145287.2
27,              739690262.9,               92005399.3
27,              801143271.5,              101604708.7
27,              899959197.7,              121409231.8
27,              891410453.0,              119253692.2
27,             1670292342.0,              207674951.2
27,             1826308423.2,              233529868.7
27,              959556506.0,              132133351.8
27,             1274392581.9,              168395184.9
27,             1830478045.6,              233921885.9
27,              785873857.5,               98229963.5
27,              907098645.8,              125285435.3
27,              800147318.3,              101514331.2
27,             1256392827.1,              164562325.9
27,              792915533.7,              100044397.6
27,             1373118647.0,              187867190.8
27,              853761292.1,              112922152.5
27,             1239569614.0,              161020984.1
27,              830099763.4,              109630457.0
27,             1323149682.5,              175992805.6
27,              902846472.3,              123379143.9
27,              818687129.1,              105406679.5
27,             1324407414.5,              176720779.9
27,             1722799420.5,              212011175.1
27,             1301869945.6,              175202088.2
27,             1239888807.1,              164025532.2
27,             1231160106.3,              157941965.8
27,              964313174.0,              133891368.2
27,             1567159270.0,              198390488.0
27,              746526362.7,               92192510.8
27,              950941811.4,              130644824.6
27,             1192111899.3,              150319883.0
27,             1669746459.7,              206220842.4
27,             1257903188.9,              165049482.3
27,             1893968636.9,              242979723.0
27,              866321216.2,              116880276.4
27,              832997012.5,              110334678.3
27,             1795035703.9,              225170449.9
27,             1824474178.0,              227958434.7
27,             1119254995.5,              138286175.6
27,              826637649.3,              108777750.6
27,             1907977746.2,              243983558.2
27,             1165078999.1,              145976843.6
27,             1784877826.6,              223999809.4
27,             1237357347.9,              160429541.1
27,              866784910.5,              118894121.0
27,             1821824774.7,              226893734.8
27,             1719454549.0,              212008101.2
27,             1279120517.2,              173394431.7
27,             1165946133.1,              147354678.9
27,             1735179709.6,              213143500.6
27,              705145976.1,               83194000.0
27,             2061621178.0,              250623375.7
27,             1307958410.8,              175573912.8
27,              829819644.8,              109519928.2
27,             1266217010.2,              167138075.3
27,              768388464.8,               96663449.4
27,              689896013.3,               80436730.5
27,             1870599278.4,              236912174.3
27,             1356239116.1,              182475164.2
27,             1234089740.2,              158945722.7
27,             1738809386.3,              215854450.3
27,             1368035385.8,              185605985.4
27,              726801931.8,               87384822.4
27,             1546464641.6,              195887719.5
27,             1596747120.8,              202269021.6
27,             1130827394.7,              141467547.6
27,             1358810011.0,              182851657.9
27,             1273373237.0,              168370898.7
27,             1760380299.0,              219526547.5
27,             1175643781.1,              149387084.9
27,             1301724147.8,              174939342.7
27,              786273365.6,               98417776.9
27,             1181637513.7,              149949394.7
27,             1398409880.2,              189127451.8
27,             1192184285.0,              151799847.6
27,             1392927080.0,              188165469.9
27,             1354521782.1,              181879184.8
27,              896674662.6,              121106151.8
27,             1367621363.6,              183796811.0
27,              800616601.8,              101535342.5
27,              845797162.5,              111868057.3
27,              755601594.5,               94704049.4
27,             1549310455.5,              196091194.1
27,             1196006854.2,              155480298.8
27,             1208696080.3,              157314736.4
27,             1262674878.8,              165359285.5
27,             1341333754.6,              180383358.3
27,             1148868736.6,              145538509.0
27,              859119104.3,              115466669.1
27,              717842649.0,               85641404.1
27,              882719675.1,              119168403.5
27,             1099082900.1,              135865295.6
27,              900138757.4,              123251240.9
27,             1406796045.6,              195431637.0
27,             1115001850.0,              136776826.6
28,              548218359.2,               60294140.5
28,             2106904583.0,              258413585.8
28,             1825413082.4,              228737933.1
28,             1698358699.2,              208499379.0
28,             1266217010.2,              167138075.3
28,             1669746459.7,              206220842.4
28,              746526362.7,               92192510.8
28,             1257903188.9,              165049482.3
28,             1324407414.5,              176720779.9
28,             1279120517.2,              173394431.7
28,              891410453.0,              119253692.2
28,             1738809386.3,              215854450.3
28,              739690262.9,               92005399.3
28,             1190482790.3,              150860301.8
28,             1392927080.0,              188165469.9
28,             1339922285.9,              178014589.9
28,             1760380299.0,              219526547.5
28,             1593460752.7,              199907539.6
28,             1821824774.7,              226893734.8
28,             1907977746.2,              243983558.2
28,              644883160.4,               64043845.1
28,              717842649.0,               85641404.1
28,             1658616366.8,              203859087.6
28,              804456018.2,              104227913.3
28,              853761292.1,              112922152.5
28,              816203575.0,              108941461.7
28,              845797162.5,              111868057.3
28,              945256440.6,              129122980.8
28,             1237357347.9,              160429541.1
28,              897572302.9,              124356252.7
28,              725255826.5,               87272453.2
28,             1274392581.9,              168395184.9
28,             1239888807.1,              164025532.2
28,             1567159270.0,              198390488.0
28,             1127487269.5,              143214052.7
28,              882719675.1,              119168403.5
28,             1099082900.1,              135865295.6
28,              832997012.5,              110334678.3
28,             1368035385.8,              185605985.4
28,              786273365.6,               98417776.9
28,              896674662.6,              121106151.8
28,              705145976.1,               83194000.0
28,              689896013.3,               80436730.5
28,             1234089740.2,              158945722.7
28,             1196006854.2,              155480298.8
28,              792915533.7,              100044397.6
28,              655280120.4,               72145287.2
28,             1755281098.9,              218587003.5
28,              830099763.4,              109630457.0
28,              866784910.5,              118894121.0
28,             1824474178.0,              227958434.7
28,             1148868736.6,              145538509.0
28,              800147318.3,              101514331.2
28,             1119254995.5,              138286175.6
28,             1929667732.4,              245794857.2
28,             1341333754.6,              180383358.3
28,              814182339.6,              107131218.0
28,             1826308423.2,              233529868.7
28,             1301724147.8,              174939342.7
28,              800616601.8,              101535342.5
28,             1830478045.6,              233921885.9
28,             1373118647.0,              187867190.8
28,             1256392827.1,              164562325.9
28,              829819644.8,              109519928.2
28,             1354521782.1,              181879184.8
28,             1398409880.2,              189127451.8
28,             1307958410.8,              175573912.8
28,              964313174.0,              133891368.2
28,             1239569614.0,              161020984.1
28,             1269831230.0,              167865733.8
28,             1846157746.1,              235272234.5
28,             1175643781.1,              149387084.9
28,             1549310455.5,              196091194.1
28,             1596747120.8,              202269021.6
28,             1795035703.9,              225170449.9
28,              726801931.8,               87384822.4
28,              907098645.8,              125285435.3
28,             1705677590.6,              213402016.6
28,             1406796045.6,              195431637.0
28,             1301869945.6,              175202088.2
28,              755601594.5,               94704049.4
28,             1231160106.3,              157941965.8
28,             1115001850.0,              136776826.6
28,             1796720978.8,              225976846.5
28,              859119104.3,              115466669.1
28,             1546464641.6,              195887719.5
28,              866321216.2,              116880276.4
28,             1262674878.8,              165359285.5
28,             1273373237.0,              168370898.7
28,             1208696080.3,              157314736.4
28,              959556506.0,              132133351.8
28,             1181637513.7,              149949394.7
28,             1125295348.7,              142258154.3
28,             1343034554.0,              181482125.2
28,              801143271.5,              101604708.7
28,             1192184285.0,              151799847.6
28,             1165946133.1,              147354678.9
28,             2061621178.0,              250623375.7
28,             1323149682.5,              175992805.6
28,             1784877826.6,              223999809.4
29,              548218359.2,               60294140.5
29,             2106904583.0,              258413585.8
29,             1756729897.4,              220102996.7
29,              883086849.2,              120416729.8
29,              644883160.4,               64043845.1
29,             1738809386.3,              215854450.3
29,              735474971.9,               88384520.3
29,             1148868736.6,              145538509.0
29,              655280120.4,               72145287.2
29,             1343034554.0,              181482125.2
29,             1196006854.2,              155480298.8
29,             1830478045.6,              233921885.9
29,              975118354.2,              135100972.0
29,             1125295348.7,              142258154.3
29,             1795035703.9,              225170449.9
29,             1876430004.2,              241895985.9
29,             1301724147.8,              174939342.7
29,              801143271.5,              101604708.7
29,             1165505126.5,              150918737.4
29,             1929667732.4,              245794857.2
29,              845797162.5,              111868057.3
29,              896674662.6,              121106151.8
29,              814182339.6,              107131218.0
29,             1669746459.7,              206220842.4
29,              866321216.2,              116880276.4
29,             1351970472.5,              182710373.4
29,             1262674878.8,              165359285.5
29,              853761292.1,              112922152.5
29,              817948996.9,              109949782.1
29,              844004399.2,              110943621.9
29,             1186942109.4,              152755151.6
29,             1824565856.1,              228728346.6
29,             1705677590.6,              213402016.6
29,             1265802880.7,              166015984.6
29,              897572302.9,              124356252.7
29,              800147318.3,              101514331.2
29,             1307958410.8,              175573912.8
29,             1239888807.1,              164025532.2
29,             1549310455.5,              196091194.1
29,              665865997.2,               75342641.5
29,             1394290106.7,              189718701.9
29,              804456018.2,              104227913.3
29,             1110657689.8,              136650982.8
29,             1368035385.8,              185605985.4
29,              689896013.3,               80436730.5
29,              726801931.8,               87384822.4
29,             1274392581.9,              168395184.9
29,             1658616366.8,              203859087.6
29,             2061621178.0,              250623375.7
29,              717842649.0,               85641404.1
29,             1231160106.3,              157941965.8
29,              725255826.5,               87272453.2
29,              882719675.1,              119168403.5
29,             1755281098.9,              218587003.5
29,             1373118647.0,              187867190.8
29,             1127487269.5,              143214052.7
29,             1546464641.6,              195887719.5
29,              964313174.0,              133891368.2
29,             1406796045.6,              195431637.0
29,             1743634059.2,              218400587.3
29,             1194711171.8,              153617748.2
29,              955042120.5,              129324036.4
29,             1208696080.3,              157314736.4
29,             1596747120.8,              202269021.6
29,              800616601.8,              101535342.5
29,              945256440.6,              129122980.8
29,             1331383285.2,              180788349.1
29,              746526362.7,               92192510.8
29,             1099082900.1,              135865295.6
29,              816203575.0,              108941461.7
29,             1803478396.9,              227290901.9
29,             1269831230.0,              167865733.8
29,             1115001850.0,              136776826.6
29,              859119104.3,              115466669.1
29,             1248247297.0,              164419479.6
29,             1796720978.8,              225976846.5
29,             1256392827.1,              164562325.9
29,             1824474178.0,              227958434.7
29,              959556506.0,              132133351.8
29,             1554257125.3,              196665312.1
29,             1273373237.0,              168370898.7
29,             1279120517.2,              173394431.7
29,             1233733007.5,              161273652.7
29,              755601594.5,               94704049.4
29,             1825413082.4,              228737933.1
29,             1318281074.1,              179957419.6
29,             1266217010.2,              167138075.3
29,             1257903188.9,              165049482.3
29,              792915533.7,              100044397.6
29,             1826308423.2,              233529868.7
29,              813917714.2,              106930873.8
29,              905574023.4,              126857156.3
29,             1301869945.6,              175202088.2
29,             1567159270.0,              198390488.0
29,              832997012.5,              110334678.3
29,             1582500697.7,              200241520.6
29,             1392927080.0,              188165469.9
29,              705145976.1,               83194000.0
29,              739690262.9,               92005399.3
29,             1846157746.1,              235272234.5
30,              548218359.2,               60294140.5
30,             2106904583.0,              258413585.8
30,              904795214.8,              124815881.9
30,             2055463780.1,              250308685.3
30,              548218359.2,               60294140.5
30,             1567159270.0,              198390488.0
30,             1125295348.7,              142258154.3
30,              866321216.2,              116880276.4
30,             1586986312.2,              202303885.0
30,              859119104.3,              115466669.1
30,              800147318.3,              101514331.2
30,              800616601.8,              101535342.5
30,              964313174.0,              133891368.2
30,              845797162.5,              111868057.3
30,             1825413082.4,              228737933.1
30,              801143271.5,              101604708.7
30,             1705677590.6,              213402016.6
30,              945256440.6,              129122980.8
30,             1738809386.3,              215854450.3
30,              813917714.2,              106930873.8
30,              548218359.2,               60294140.5
30,             1233733007.5,              161273652.7
30,             1257903188.9,              165049482.3
30,              686068953.4,               81289792.4
30,             1273373237.0,              168370898.7
30,             1546464641.6,              195887719.5
30,             1669746459.7,              206220842.4
30,             1110657689.8,              136650982.8
30,             1331383285.2,              180788349.1
30,             1549310455.5,              196091194.1
30,              826871094.9,              111482659.1
30,             1265802880.7,              166015984.6
30,              853761292.1,              112922152.5
30,             1225998558.0,              161192901.6
30,             1148868736.6,              145538509.0
30,             1248247297.0,              164419479.6
30,              746526362.7,               92192510.8
30,              882790677.2,              120604913.7
30,             1867497618.4,              235301780.4
30,             1368035385.8,              185605985.4
30,              721299315.1,               87474964.5
30,              705145976.1,               83194000.0
30,              879965174.4,              118893873.6
30,             1150879602.5,              145545304.1
30,             1297467659.7,              176620997.3
30,             1099082900.1,              135865295.6
30,             1189218921.4,              155532390.7
30,             1743634059.2,              218400587.3
30,             1165505126.5,              150918737.4
30,             1117001134.2,              141289029.3
30,             1161396732.9,              147331181.6
30,             1269831230.0,              167865733.8
30,             1266217010.2,              167138075.3
30,             1115001850.0,              136776826.6
30,              912521633.8,              128791607.8
30,              896674662.6,              121106151.8
30,             1756729897.4,              220102996.7
30,             1846157746.1,              235272234.5
30,             1582500697.7,              200241520.6
30,              739690262.9,               92005399.3
30,              814182339.6,              107131218.0
30,             1796720978.8,              225976846.5
30,             1279120517.2,              173394431.7
30,              735474971.9,               88384520.3
30,              953232421.6,              129435729.5
30,              862266641.7,              116537682.9
30,             2061621178.0,              250623375.7
30,             1658616366.8,              203859087.6
30,             1127487269.5,              143214052.7
30,             1208696080.3,              157314736.4
30,             1794674302.6,              223340761.7
30,             1406796045.6,              195431637.0
30,             1755281098.9,              218587003.5
30,              959556506.0,              132133351.8
30,             1256392827.1,              164562325.9
30,             1189124088.8,              152824199.9
30,             1803478396.9,              227290901.9
30,              882719675.1,              119168403.5
30,             1795035703.9,              225170449.9
30,             1929667732.4,              245794857.2
30,              816203575.0,              108941461.7
30,              817948996.9,              109949782.1
30,             1186942109.4,              152755151.6
30,              792915533.7,              100044397.6
30,             1824474178.0,              227958434.7
30,             1262674878.8,              165359285.5
30,             1554257125.3,              196665312.1
30,             1824565856.1,              228728346.6
30,              655280120.4,               72145287.2
30,             1274392581.9,              168395184.9
30,              755601594.5,               94704049.4
30,              665865997.2,               75342641.5
30,             1830478045.6,              233921885.9
30,             1239888807.1,              164025532.2
30,              804456018.2,              104227913.3
30,             1388825880.0,              190244051.0
30,              897572302.9,              124356252.7
30,             1334569722.6,              183574459.0
30,              905574023.4,              126857156.3
30,             1826308423.2,              233529868.7
31,              548218359.2,               60294140.5
31,             2106904583.0,              258413585.8
31,              894265494.7,              123418447.4
31,             1900908163.8,              242125567.7
31,             1274392581.9,              168395184.9
31,             1582500697.7,              200241520.6
31,             1189124088.8,              152824199.9
31,             1257903188.9,              165049482.3
31,              964313174.0,              133891368.2
31,             1796720978.8,              225976846.5
31,             1224270335.3,              157426425.7
31,              845797162.5,              111868057.3
31,             1279120517.2,              173394431.7
31,              956721272.7,              131351057.5
31,              655280120.4,               72145287.2
31,             1787273435.3,              221225276.0
31,             1743634059.2,              218400587.3
31,              959556506.0,              132133351.8
31,              879965174.4,              118893873.6
31,             1755281098.9,              218587003.5
31,             1826308423.2,              233529868.7
31,              882790677.2,              120604913.7
31,              548218359.2,               60294140.5
31,              760659386.7,               95987897.8
31,             1388825880.0,              190244051.0
31,             1189218921.4,              155532390.7
31,             1248247297.0,              164419479.6
31,             1756729897.4,              220102996.7
31,              866321216.2,              116880276.4
31,             1929667732.4,              245794857.2
31,             1738809386.3,              215854450.3
31,             1141080900.5,              144394499.6
31,             1669746459.7,              206220842.4
31,             1160474223.7,              148818192.1
31,             1800992188.3,              229807752.5
31,             1186942109.4,              152755151.6
31,             1113333958.1,              137451497.8
31,              548218359.2,               60294140.5
31,             1845662426.7,              235930624.4
31,             1539481267.5,              196231918.6
31,             1248247297.0,              164419479.6
31,             1406796045.6,              195431637.0
31,              735474971.9,               88384520.3
31,             1127487269.5,              143214052.7
31,             1586986312.2,              202303885.0
31,             1248247297.0,              164419479.6
31,              795843004.5,              101213436.2
31,             1117001134.2,              141289029.3
31,              804456018.2,              104227913.3
31,             1897213126.3,              240830723.7
31,             1257903188.9,              165049482.3
31,             1297467659.7,              176620997.3
31,              665865997.2,               75342641.5
31,              808722718.0,              105038000.0
31,             1239888807.1,              164025532.2
31,             1278563555.8,              170117734.4
31,             1204126893.9,              156150049.9
31,              905574023.4,              126857156.3
31,              912674127.6,              131095970.3
31,              800616601.8,              101535342.5
31,             1110657689.8,              136650982.8
31,             1198626249.9,              156029102.2
31,             1233733007.5,              161273652.7
31,              897572302.9,              124356252.7
31,             1704294541.9,              211001292.5
31,              912521633.8,              128791607.8
31,             1265802880.7,              166015984.6
31,             1658616366.8,              203859087.6
31,             1273373237.0,              168370898.7
31,             1111892997.6,              136771341.6
31,              904795214.8,              124815881.9
31,             1830478045.6,              233921885.9
31,              868448243.4,              118239802.9
31,              826871094.9,              111482659.1
31,             1125295348.7,              142258154.3
31,             1327101949.3,              177726005.6
31,             1144503882.2,              146208465.7
31,              739690262.9,               92005399.3
31,              705145976.1,               83194000.0
31,              801143271.5,              101604708.7
31,             1225998558.0,              161192901.6
31,             1554257125.3,              196665312.1
31,              746526362.7,               92192510.8
31,              855812841.1,              116597424.8
31,              721299315.1,               87474964.5
31,              908739319.6,              127899625.8
31,             1165505126.5,              150918737.4
31,              853761292.1,              112922152.5
31,             1794674302.6,              223340761.7
31,             1386506514.7,              189287048.2
31,             1667495945.3,              205612139.6
31,             2061621178.0,              250623375.7
31,              882719675.1,              119168403.5
31,             1331383285.2,              180788349.1
31,             2055463780.1,              250308685.3
31,             1208696080.3,              157314736.4
31,             1737635956.6,              214290675.3
31,             1257903188.9,              165049482.3
31,              686068953.4,               81289792.4
31,             1262674878.8,              165359285.5
32,              548218359.2,               60294140.5
32,             2106904583.0,              258413585.8
32,              852512047.7,              115100593.5
32,             1734618794.3,              214241340.9
32,             2061621178.0,              250623375.7
32,              665865997.2,               75342641.5
32,             1340520274.5,              182701382.1
32,             1262674878.8,              165359285.5
32,              879965174.4,              118893873.6
32,             1406796045.6,              195431637.0
32,              548218359.2,               60294140.5
32,              897572302.9,              124356252.7
32,              751108390.3,               95750888.6
32,              845797162.5,              111868057.3
32,             1388825880.0,              190244051.0
32,             1165505126.5,              150918737.4
32,             1864249590.6,              238763987.5
32,             1800992188.3,              229807752.5
32,              686068953.4,               81289792.4
32,              904795214.8,              124815881.9
32,             1327101949.3,              177726005.6
32,              908739319.6,              127899625.8
32,             1273373237.0,              168370898.7
32,             1117001134.2,              141289029.3
32,              882719675.1,              119168403.5
32,              912674127.6,              131095970.3
32,              705145976.1,               83194000.0
32,              855812841.1,              116597424.8
32,             1239888807.1,              164025532.2
32,              760659386.7,               95987897.8
32,              548218359.2,               60294140.5
32,              908879035.2,              127977647.5
32,             1204126893.9,              156150049.9
32,             1248247297.0,              164419479.6
32,             1265802880.7,              166015984.6
32,             1108715231.8,              138530275.9
32,             1279120517.2,              173394431.7
32,             1550821507.7,              199066859.5
32,             1099106525.4,              137725037.1
32,             1162257486.6,              150534800.9
32,              804456018.2,              104227913.3
32,             1160474223.7,              148818192.1
32,              795843004.5,              101213436.2
32,             1144503882.2,              146208465.7
32,             1773734555.7,              225340126.1
32,             1582500697.7,              200241520.6
32,             1225998558.0,              161192901.6
32,             1400672042.0,              193576436.8
32,             1669746459.7,              206220842.4
32,             1929667732.4,              245794857.2
32,             1658616366.8,              203859087.6
32,             1887928257.1,              242780812.0
32,              826871094.9,              111482659.1
32,             1586986312.2,              202303885.0
32,             1198626249.9,              156029102.2
32,             1257903188.9,              165049482.3
32,              959556506.0,              132133351.8
32,             1788205841.9,              226622618.3
32,              945791304.3,              131721347.2
32,             1365091626.0,              185198859.1
32,              801143271.5,              101604708.7
32,             1189124088.8,              152824199.9
32,              739690262.9,               92005399.3
32,              912521633.8,              128791607.8
32,             1099060616.9,              135530717.2
32,              721299315.1,               87474964.5
32,              894265494.7,              123418447.4
32,              905574023.4,              126857156.3
32,             1274392581.9,              168395184.9
32,             1826308423.2,              233529868.7
32,             1208696080.3,              157314736.4
32,             1248247297.0,              164419479.6
32,             1248247297.0,              164419479.6
32,              866321216.2,              116880276.4
32,             1257903188.9,              165049482.3
32,              967319692.0,              134628376.2
32,              964313174.0,              133891368.2
32,             1141080900.5,              144394499.6
32,             1845662426.7,              235930624.4
32,              808722718.0,              105038000.0
32,             1278563555.8,              170117734.4
32,              821794048.9,              106472042.6
32,             1224270335.3,              157426425.7
32,             1189218921.4,              155532390.7
32,              766656858.1,               97076807.3
32,             1738551600.1,              221563297.4
32,              746526362.7,               92192510.8
32,              800616601.8,              101535342.5
32,              868448243.4,              118239802.9
32,             1125295348.7,              142258154.3
32,             1297467659.7,              176620997.3
32,             1539481267.5,              196231918.6
32,             2055463780.1,              250308685.3
32,             1830478045.6,              233921885.9
32,             1257903188.9,              165049482.3
32,              735474971.9,               88384520.3
32,             1667495945.3,              205612139.6
32,             1233733007.5,              161273652.7
32,             1736814260.9,              214631173.9
32,             1384621559.5,              188251296.9
33,              548218359.2,               60294140.5
33,             2106904583.0,              258413585.8
33,             1095123956.8,              137355960.7
33,             1272925407.9,              167340388.4
33,              852512047.7,              115100593.5
33,              810493466.7,              109739327.3
33,              881112271.1,              121383923.4
33,             1830478045.6,              233921885.9
33,             1279120517.2,              173394431.7
33,              912521633.8,              128791607.8
33,             1248247297.0,              164419479.6
33,              839840245.2,              113171242.7
33,              868448243.4,              118239802.9
33,              685453247.1,               78465449.4
33,             1864249590.6,              238763987.5
33,             1165505126.5,              150918737.4
33,             2061621178.0,              250623375.7
33,             1189124088.8,              152824199.9
33,             1257903188.9,              165049482.3
33,             1273373237.0,              168370898.7
33,             1929667732.4,              245794857.2
33,              801143271.5,              101604708.7
33,             1725294701.1,              212665690.3
33,              686068953.4,               81289792.4
33,              897572302.9,              124356252.7
33,              905187017.0,              127151390.6
33,              804456018.2,              104227913.3
33,             1550821507.7,              199066859.5
33,             1738551600.1,              221563297.4
33,              751108390.3,               95750888.6
33,              800616601.8,              101535342.5
33,             1539481267.5,              196231918.6
33,             1248247297.0,              164419479.6
33,             1773734555.7,              225340126.1
33,             1384621559.5,              188251296.9
33,              710610287.9,               86432241.9
33,             1278563555.8,              170117734.4
33,              548218359.2,               60294140.5
33,             1125295348.7,              142258154.3
33,              908739319.6,              127899625.8
33,              548218359.2,               60294140.5
33,              963524147.1,              134378645.5
33,             1239888807.1,              164025532.2
33,             1262674878.8,              165359285.5
33,             1189218921.4,              155532390.7
33,              866321216.2,              116880276.4
33,             1221444843.6,              162350465.9
33,             1160474223.7,              148818192.1
33,              721299315.1,               87474964.5
33,             1681692876.3,              210776312.1
33,              795843004.5,              101213436.2
33,              808722718.0,              105038000.0
33,              705145976.1,               83194000.0
33,             1204126893.9,              156150049.9
33,             1248247297.0,              164419479.6
33,              826871094.9,              111482659.1
33,             1887928257.1,              242780812.0
33,             1265802880.7,              166015984.6
33,             1365091626.0,              185198859.1
33,             1788205841.9,              226622618.3
33,             1141080900.5,              144394499.6
33,              735474971.9,               88384520.3
33,             1144503882.2,              146208465.7
33,              904795214.8,              124815881.9
33,              905999765.2,              127492995.9
33,             1117001134.2,              141289029.3
33,             1586986312.2,              202303885.0
33,              760659386.7,               95987897.8
33,              894265494.7,              123418447.4
33,             1695771303.5,              211292515.1
33,             1177052979.0,              152194627.6
33,              739690262.9,               92005399.3
33,              959556506.0,              132133351.8
33,             1816607416.4,              232479360.5
33,             1864249590.6,              238763987.5
33,             1198626249.9,              156029102.2
33,              908879035.2,              127977647.5
33,             1669746459.7,              206220842.4
33,             1364090580.2,              185066023.5
33,             1257903188.9,              165049482.3
33,             2055463780.1,              250308685.3
33,             1108715231.8,              138530275.9
33,             1582500697.7,              200241520.6
33,             1113445144.3,              138731511.5
33,             1658616366.8,              203859087.6
33,             1340520274.5,              182701382.1
33,             1274392581.9,              168395184.9
33,             1327101949.3,              177726005.6
33,              665865997.2,               75342641.5
33,             1162257486.6,              150534800.9
33,              766656858.1,               97076807.3
33,             1099106525.4,              137725037.1
33,              912674127.6,              131095970.3
33,              945791304.3,              131721347.2
33,              879965174.4,              118893873.6
33,             1406796045.6,              195431637.0
33,              967319692.0,              134628376.2
33,             1826308423.2,              233529868.7
33,              746526362.7,               92192510.8
33,              855812841.1,              116597424.8
34,              548218359.2,               60294140.5
34,             2106904583.0,              258413585.8
34,             1184629544.1,              152293502.4
34,             1843270593.0,              236692473.9
34,             1695771303.5,              211292515.1
34,             1248247297.0,              164419479.6
34,             1117001134.2,              141289029.3
34,              771163477.6,               99832562.9
34,              908879035.2,              127977647.5
34,              751108390.3,               95750888.6
34,             1550821507.7,              199066859.5
34,              665865997.2,               75342641.5
34,             1887928257.1,              242780812.0
34,             1257903188.9,              165049482.3
34,             1759789836.8,              224294172.7
34,              710610287.9,               86432241.9
34,              739690262.9,               92005399.3
34,             1363412814.9,              186927150.5
34,              548218359.2,               60294140.5
34,             1262674878.8,              165359285.5
34,             1162257486.6,              150534800.9
34,              846469761.7,              113536587.4
34,              868448243.4,              118239802.9
34,             1816607416.4,              232479360.5
34,              795843004.5,              101213436.2
34,             1738551600.1,              221563297.4
34,              760659386.7,               95987897.8
34,              873584204.1,              118710276.9
34,              945791304.3,              131721347.2
34,             1097953399.8,              138169260.5
34,             1272925407.9,              167340388.4
34,             1257903188.9,              165049482.3
34,             1711168476.8,              213551380.5
34,             1321132554.7,              175690000.6
34,              548218359.2,               60294140.5
34,             1864249590.6,              238763987.5
34,             1669746459.7,              206220842.4
34,              963524147.1,              134378645.5
34,             1857442673.8,              236989953.5
34,             1586986312.2,              202303885.0
34,              800616601.8,              101535342.5
34,              705145976.1,               83194000.0
34,             1236038074.2,              164103462.4
34,             1929667732.4,              245794857.2
34,             1265802880.7,              166015984.6
34,              686068953.4,               81289792.4
34,              766656858.1,               97076807.3
34,             1248247297.0,              164419479.6
34,             1681692876.3,              210776312.1
34,             1202687707.5,              156920464.7
34,              722491126.6,               89344484.9
34,             1165505126.5,              150918737.4
34,             1160474223.7,              148818192.1
34,              855812841.1,              116597424.8
34,             1338223962.0,              181011372.9
34,             1125295348.7,              142258154.3
34,             1826308423.2,              233529868.7
34,              866321216.2,              116880276.4
34,             1095123956.8,              137355960.7
34,              912674127.6,              131095970.3
34,              800990993.3,              105863803.9
34,             1187864583.4,              154725304.2
34,              873954594.2,              119709538.2
34,             1582500697.7,              200241520.6
34,              881112271.1,              121383923.4
34,             1137324883.1,              144569804.7
34,              912521633.8,              128791607.8
34,              826871094.9,              111482659.1
34,             1384621559.5,              188251296.9
34,             1248247297.0,              164419479.6
34,             1278563555.8,              170117734.4
34,             1830478045.6,              233921885.9
34,             1294650271.7,              175380114.9
34,             1773734555.7,              225340126.1
34,             1327101949.3,              177726005.6
34,              881931726.1,              122779195.4
34,             1177052979.0,              152194627.6
34,              967319692.0,              134628376.2
34,             1105614826.8,              139893826.8
34,             1144503882.2,              146208465.7
34,              810493466.7,              109739327.3
34,              746526362.7,               92192510.8
34,             1656773935.6,              205340660.1
34,             1340520274.5,              182701382.1
34,             1788205841.9,              226622618.3
34,             1279120517.2,              173394431.7
34,              721299315.1,               87474964.5
34,              881138659.5,              121549488.9
34,              852512047.7,              115100593.5
34,             1189218921.4,              155532390.7
34,             1585927103.9,              200484627.2
34,             1385963596.7,              190691329.4
34,              908739319.6,              127899625.8
34,             2061621178.0,              250623375.7
34,             2055463780.1,              250308685.3
34,              959556506.0,              132133351.8
34,              905999765.2,              127492995.9
34,             1274392581.9,              168395184.9
34,             1864249590.6,              238763987.5
34,              897572302.9,              124356252.7
35,              548218359.2,               60294140.5
35,             2106904583.0,              258413585.8
35,             1404277301.4,              193766935.8
35,             1873962952.4,              239614617.4
35,              548218359.2,               60294140.5
35,              908739319.6,              127899625.8
35,              686068953.4,               81289792.4
35,             1144503882.2,              146208465.7
35,              721299315.1,               87474964.5
35,              846469761.7,              113536587.4
35,             2055463780.1,              250308685.3
35,             1105614826.8,              139893826.8
35,             1864249590.6,              238763987.5
35,             1758781879.4,              223429712.8
35,              905999765.2,              127492995.9
35,             1889297477.6,              246693520.4
35,             1843270593.0,              236692473.9
35,              963524147.1,              134378645.5
35,              548218359.2,               60294140.5
35,             1097953399.8,              138169260.5
35,             1550821507.7,              199066859.5
35,              912521633.8,              128791607.8
35,              881138659.5,              121549488.9
35,              739690262.9,               92005399.3
35,             1160474223.7,              148818192.1
35,              881112271.1,              121383923.4
35,             1681692876.3,              210776312.1
35,             1586986312.2,              202303885.0
35,             1300193161.8,              175759962.8
35,             1155283412.5,              147193272.1
35,              908879035.2,              127977647.5
35,             1187864583.4,              154725304.2
35,             1736577917.7,              216191478.0
35,              959556506.0,              132133351.8
35,              945791304.3,              131721347.2
35,              852512047.7,              115100593.5
35,             1826308423.2,              233529868.7
35,              855812841.1,              116597424.8
35,              810493466.7,              109739327.3
35,             1306617568.5,              176089906.9
35,              873584204.1,              118710276.9
35,             1830478045.6,              233921885.9
35,              800616601.8,              101535342.5
35,             1738551600.1,              221563297.4
35,              800990993.3,              105863803.9
35,             1327101949.3,              177726005.6
35,             1173903432.5,              152742500.6
35,             1711168476.8,              213551380.5
35,              762132329.2,               97107311.0
35,              912674127.6,              131095970.3
35,             1172306948.2,              151366880.5
35,             1125295348.7,              142258154.3
35,             1248247297.0,              164419479.6
35,              826871094.9,              111482659.1
35,             1137324883.1,              144569804.7
35,             1236038074.2,              164103462.4
35,             1569384389.6,              200601263.3
35,             1857442673.8,              236989953.5
35,             1248247297.0,              164419479.6
35,              868448243.4,              118239802.9
35,             1248247297.0,              164419479.6
35,              722491126.6,               89344484.9
35,             1390655596.8,              191385232.4
35,              881931726.1,              122779195.4
35,             1162257486.6,              150534800.9
35,             1263829320.4,              167830288.5
35,             1262674878.8,              165359285.5
35,             1215671913.6,              159079787.1
35,              710610287.9,               86432241.9
35,             1540669818.3,              194360982.1
35,             1759789836.8,              224294172.7
35,             1117001134.2,              141289029.3
35,             1165505126.5,              150918737.4
35,              897572302.9,              124356252.7
35,              795843004.5,              101213436.2
35,             1338223962.0,              181011372.9
35,             1773734555.7,              225340126.1
35,             1095123956.8,              137355960.7
35,              746526362.7,               92192510.8
35,              873954594.2,              119709538.2
35,             1357769309.5,              188409269.2
35,             1294650271.7,              175380114.9
35,             2061621178.0,              250623375.7
35,             1279120517.2,              173394431.7
35,              967319692.0,              134628376.2
35,             1788205841.9,              226622618.3
35,              760659386.7,               95987897.8
35,              771163477.6,               99832562.9
35,             1835874173.8,              235659585.2
35,             1340244276.8,              184446567.0
35,             1257903188.9,              165049482.3
35,             1274392581.9,              168395184.9
35,             1690325177.6,              212085979.0
35,             1257903188.9,              165049482.3
35,             1227043178.8,              161568847.5
35,              751108390.3,               95750888.6
35,              866321216.2,              116880276.4
35,              665865997.2,               75342641.5
35,             1816607416.4,              232479360.5
35,             1864249590.6,              238763987.5
36,              548218359.2,               60294140.5
36,             2106904583.0,              258413585.8
36,             1854651459.0,              237234014.2
36,             1318614749.0,              176314076.4
36,              744590582.9,               93664848.4
36,              957499536.9,              133739112.5
36,             2061621178.0,              250623375.7
36,             1690325177.6,              212085979.0
36,             1263829320.4,              167830288.5
36,             1681692876.3,              210776312.1
36,              665865997.2,               75342641.5
36,              912521633.8,              128791607.8
36,             1864249590.6,              238763987.5
36,              721299315.1,               87474964.5
36,             1306617568.5,              176089906.9
36,             1117001134.2,              141289029.3
36,              548218359.2,               60294140.5
36,              810493466.7,              109739327.3
36,              832546398.8,              113644808.5
36,              967319692.0,              134628376.2
36,             1206524478.2,              156097514.1
36,             1105614826.8,              139893826.8
36,             1788205841.9,              226622618.3
36,             1137324883.1,              144569804.7
36,             1279120517.2,              173394431.7
36,             1125295348.7,              142258154.3
36,             1738551600.1,              221563297.4
36,              912674127.6,              131095970.3
36,             1144503882.2,              146208465.7
36,              881931726.1,              122779195.4
36,             1215671913.6,              159079787.1
36,              856101911.5,              117871804.9
36,             1540669818.3,              194360982.1
36,             1587712060.8,              204197166.5
36,              739690262.9,               92005399.3
36,              686068953.4,               81289792.4
36,             1173903432.5,              152742500.6
36,             1165505126.5,              150918737.4
36,             1236038074.2,              164103462.4
36,             1238581181.8,              166657905.2
36,             1097953399.8,              138169260.5
36,              548218359.2,               60294140.5
36,             1889297477.6,              246693520.4
36,             1758781879.4,              223429712.8
36,             1273538439.7,              170000115.1
36,             1155283412.5,              147193272.1
36,              952080250.5,              133027868.6
36,             1390655596.8,              191385232.4
36,             1388152664.9,              188936606.0
36,              908739319.6,              127899625.8
36,              800616601.8,              101535342.5
36,              854576264.6,              117479792.7
36,              826871094.9,              111482659.1
36,             1736577917.7,              216191478.0
36,             1095123956.8,              137355960.7
36,             2064713071.8,              254678232.4
36,              881476410.7,              122228893.2
36,             1864249590.6,              238763987.5
36,             1390138730.1,              190259637.6
36,             1187864583.4,              154725304.2
36,             1128973615.9,              142392573.1
36,             1227043178.8,              161568847.5
36,             1160474223.7,              148818192.1
36,              771163477.6,               99832562.9
36,             1110112176.6,              139901956.5
36,             1550472346.3,              196717360.6
36,              710610287.9,               86432241.9
36,              905999765.2,              127492995.9
36,             1294650271.7,              175380114.9
36,              795843004.5,              101213436.2
36,             1569384389.6,              200601263.3
36,             1404277301.4,              193766935.8
36,              908879035.2,              127977647.5
36,             1332805847.7,              181243559.8
36,             1137381750.9,              145706232.6
36,             1572193288.3,              202553258.2
36,             1711168476.8,              213551380.5
36,              902275082.9,              126966404.4
36,             1172306948.2,              151366880.5
36,              897572302.9,              124356252.7
36,              762132329.2,               97107311.0
36,             1830478045.6,              233921885.9
36,             1759789836.8,              224294172.7
36,              751108390.3,               95750888.6
36,             1320370512.9,              180384640.0
36,              847999394.0,              115746734.7
36,              945791304.3,              131721347.2
36,             1300193161.8,              175759962.8
36,             1550821507.7,              199066859.5
36,              870407509.5,              121678202.7
36,             1162257486.6,              150534800.9
36,             1835874173.8,              235659585.2
36,             1826308423.2,              233529868.7
36,              760659386.7,               95987897.8
36,              800990993.3,              105863803.9
36,              722491126.6,               89344484.9
36,              868448243.4,              118239802.9
36,              963524147.1,              134378645.5
36,             1816607416.4,              232479360.5
36,             1340244276.8,              184446567.0
37,              548218359.2,               60294140.5
37,             2127524686.7,              265252302.8
37,             1839196704.4,              236005258.8
37,             1854651459.0,              237234014.2
37,              548218359.2,               60294140.5
37,              709666808.8,               87015910.4
37,             1681692876.3,              210776312.1
37,             1184788311.8,              154118893.8
37,             1572193288.3,              202553258.2
37,              870407509.5,              121678202.7
37,             1332805847.7,              181243559.8
37,             1758781879.4,              223429712.8
37,              810493466.7,              109739327.3
37,             1238581181.8,              166657905.2
37,             1390138730.1,              190259637.6
37,             1409464702.5,              193844790.3
37,             2106904583.0,              258413585.8
37,             1788205841.9,              226622618.3
37,              760659386.7,               95987897.8
37,              905999765.2,              127492995.9
37,             1279120517.2,              173394431.7
37,              800990993.3,              105863803.9
37,              775134790.1,               99966718.2
37,             1275654824.5,              171403083.9
37,              854576264.6,              117479792.7
37,             1227043178.8,              161568847.5
37,             1587712060.8,              204197166.5
37,              881931726.1,              122779195.4
37,              771163477.6,               99832562.9
37,             1540669818.3,              194360982.1
37,             1557728521.2,              199563553.6
37,             1110112176.6,              139901956.5
37,             1201541396.4,              159632338.5
37,             1388152664.9,              188936606.0
37,              786277582.3,              101447908.6
37,              548218359.2,               60294140.5
37,              739690262.9,               92005399.3
37,             1889297477.6,              246693520.4
37,              860553160.5,              119276041.3
37,             1379664975.1,              184997595.2
37,              963524147.1,              134378645.5
37,              832546398.8,              113644808.5
37,             1835874173.8,              235659585.2
37,              686068953.4,               81289792.4
37,             1340244276.8,              184446567.0
37,              762132329.2,               97107311.0
37,             1759789836.8,              224294172.7
37,             1165505126.5,              150918737.4
37,             1097953399.8,              138169260.5
37,             1736577917.7,              216191478.0
37,             2064713071.8,              254678232.4
37,             1273538439.7,              170000115.1
37,             1160474223.7,              148818192.1
37,             1404277301.4,              193766935.8
37,             1263829320.4,              167830288.5
37,             1213794803.3,              160081861.0
37,             1105614826.8,              139893826.8
37,             1136719169.2,              146018319.1
37,             1162257486.6,              150534800.9
37,             1187864583.4,              154725304.2
37,              952080250.5,              133027868.6
37,              902275082.9,              126966404.4
37,              847999394.0,              115746734.7
37,             1721507894.4,              213579538.5
37,             1931959038.1,              247043755.3
37,             1173903432.5,              152742500.6
37,             1864249590.6,              238763987.5
37,             1287374390.5,              177438318.4
37,              721299315.1,               87474964.5
37,              826871094.9,              111482659.1
37,             1864249590.6,              238763987.5
37,              912674127.6,              131095970.3
37,             1390655596.8,              191385232.4
37,             1398628834.0,              191771023.5
37,             1095123956.8,              137355960.7
37,             1810509470.2,              228174882.7
37,             1125295348.7,              142258154.3
37,             1117001134.2,              141289029.3
37,             1104330495.0,              139064424.7
37,              885809469.2,              123469554.8
37,             1830478045.6,              233921885.9
37,             1320370512.9,              180384640.0
37,              945791304.3,              131721347.2
37,             1569384389.6,              200601263.3
37,             1172306948.2,              151366880.5
37,             1128973615.9,              142392573.1
37,              800616601.8,              101535342.5
37,              908879035.2,              127977647.5
37,              908739319.6,              127899625.8
37,              967319692.0,              134628376.2
37,             1690325177.6,              212085979.0
37,             1571910064.7,              201375552.4
37,              722491126.6,               89344484.9
37,             1149399800.8,              147603849.0
37,              897572302.9,              124356252.7
37,              856101911.5,              117871804.9
37,             1550472346.3,              196717360.6
37,             1811253780.1,              233680124.6
37,              881476410.7,              122228893.2
37,             1236038074.2,              164103462.4
38,              548218359.2,               60294140.5
38,             2127524686.7,              265252302.8
38,             1790870180.7,              227105625.7
38,             1422933764.5,              195249803.8
38,              686068953.4,               81289792.4
38,              548218359.2,               60294140.5
38,              548218359.2,               60294140.5
38,             1187864583.4,              154725304.2
38,              902275082.9,              126966404.4
38,             1149399800.8,              147603849.0
38,             1889297477.6,              246693520.4
38,             1136719169.2,              146018319.1
38,             1569384389.6,              200601263.3
38,              854576264.6,              117479792.7
38,             1238581181.8,              166657905.2
38,             1117001134.2,              141289029.3
38,             1556764778.1,              198844728.3
38,             1227043178.8,              161568847.5
38,             1811253780.1,              233680124.6
38,             1793673169.3,              231271002.8
38,              967319692.0,              134628376.2
38,             1324654286.7,              182193925.3
38,             1572193288.3,              202553258.2
38,              826871094.9,              111482659.1
38,             2106904583.0,              258413585.8
38,              885809469.2,              123469554.8
38,              709666808.8,               87015910.4
38,              800990993.3,              105863803.9
38,             1105105027.9,              139266152.9
38,             1125295348.7,              142258154.3
38,              762132329.2,               97107311.0
38,              856101911.5,              117871804.9
38,             1390138730.1,              190259637.6
38,             1587712060.8,              204197166.5
38,             1340244276.8,              184446567.0
38,              831880823.5,              113137866.3
38,             1159660641.0,              152194647.8
38,             1557728521.2,              199563553.6
38,              908879035.2,              127977647.5
38,             1267665579.6,              167975430.5
38,              722491126.6,               89344484.9
38,              870407509.5,              121678202.7
38,              945791304.3,              131721347.2
38,             1758781879.4,              223429712.8
38,              781562621.5,              103909124.6
38,              891580469.1,              125192012.9
38,              739690262.9,               92005399.3
38,             1273538439.7,              170000115.1
38,              905999765.2,              127492995.9
38,              721299315.1,               87474964.5
38,             1128973615.9,              142392573.1
38,              825230080.4,              111178156.2
38,             1390655596.8,              191385232.4
38,             1379778968.2,              188078377.8
38,             1759789836.8,              224294172.7
38,              847999394.0,              115746734.7
38,             1351995825.4,              184650798.0
38,              860553160.5,              119276041.3
38,             1279120517.2,              173394431.7
38,             1184788311.8,              154118893.8
38,             1858237064.8,              240304990.7
38,             1263829320.4,              167830288.5
38,             1236038074.2,              164103462.4
38,             1404277301.4,              193766935.8
38,              771163477.6,               99832562.9
38,              760659386.7,               95987897.8
38,              963524147.1,              134378645.5
38,             1213794803.3,              160081861.0
38,             1103499213.5,              139173740.7
38,             1736577917.7,              216191478.0
38,             1105614826.8,              139893826.8
38,             1830478045.6,              233921885.9
38,             1398628834.0,              191771023.5
38,             1839196704.4,              236005258.8
38,             1095123956.8,              137355960.7
38,             1270771047.1,              169509324.7
38,             2064713071.8,              254678232.4
38,              912674127.6,              131095970.3
38,             1572224379.4,              202990749.3
38,              810493466.7,              109739327.3
38,             1269333232.5,              168084869.2
38,             1275654824.5,              171403083.9
38,             1110112176.6,              139901956.5
38,             1366606922.3,              186326322.3
38,             1690325177.6,              212085979.0
38,             1931959038.1,              247043755.3
38,             1287374390.5,              177438318.4
38,              952080250.5,              133027868.6
38,             1570000089.1,              201304943.9
38,             1835874173.8,              235659585.2
38,              775134790.1,               99966718.2
38,             1681692876.3,              210776312.1
38,             1173903432.5,              152742500.6
38,             1550472346.3,              196717360.6
38,             1721507894.4,              213579538.5
38,             1388152664.9,              188936606.0
38,             1201541396.4,              159632338.5
38,             1097953399.8,              138169260.5
38,             1320370512.9,              180384640.0
38,              881476410.7,              122228893.2
39,              548218359.2,               60294140.5
39,             2127524686.7,              265252302.8
39,              854324701.2,              116927725.4
39,             1858831238.8,              241564804.6
39,              548218359.2,               60294140.5
39,             1674215574.7,              208847523.7
39,              783339831.8,              104555514.9
39,              826871094.9,              111482659.1
39,             1159660641.0,              152194647.8
39,              739145396.7,               92948833.7
39,             1782136600.6,              226376752.9
39,              957832004.8,              135133888.4
39,              946079824.3,              133090219.4
39,             1095123956.8,              137355960.7
39,              800990993.3,              105863803.9
39,             1569384389.6,              200601263.3
39,              905999765.2,              127492995.9
39,              548218359.2,               60294140.5
39,             1747806600.7,              220624579.4
39,             1553482410.0,              199885247.7
39,              762132329.2,               97107311.0
39,             1110112176.6,              139901956.5
39,             2059338054.3,              253883368.5
39,              860553160.5,              119276041.3
39,             1117001134.2,              141289029.3
39,             1275654824.5,              171403083.9
39,              760659386.7,               95987897.8
39,             1690325177.6,              212085979.0
39,             1793673169.3,              231271002.8
39,              775134790.1,               99966718.2
39,             1858237064.8,              240304990.7
39,             1835874173.8,              235659585.2
39,             2106904583.0,              258413585.8
39,              771163477.6,               99832562.9
39,              682041338.0,               80289317.1
39,             1404277301.4,              193766935.8
39,             1759789836.8,              224294172.7
39,             2064713071.8,              254678232.4
39,             1149399800.8,              147603849.0
39,             1213794803.3,              160081861.0
39,              908879035.2,              127977647.5
39,             1742564013.5,              218067627.3
39,              945791304.3,              131721347.2
39,             1173903432.5,              152742500.6
39,              912674127.6,              131095970.3
39,             1572224379.4,              202990749.3
39,             1340244276.8,              184446567.0
39,             1388152664.9,              188936606.0
39,             1811253780.1,              233680124.6
39,             1351995825.4,              184650798.0
39,              881476410.7,              122228893.2
39,             1379778968.2,              188078377.8
39,              810493466.7,              109739327.3
39,             1889297477.6,              246693520.4
39,              854576264.6,              117479792.7
39,              709666808.8,               87015910.4
39,             1587712060.8,              204197166.5
39,              721299315.1,               87474964.5
39,             1184588616.9,              153605407.0
39,             1105105027.9,              139266152.9
39,             1390655596.8,              191385232.4
39,              891580469.1,              125192012.9
39,              885809469.2,              123469554.8
39,             1830478045.6,              233921885.9
39,             1320370512.9,              180384640.0
39,             1570000089.1,              201304943.9
39,              897880774.9,              125216781.9
39,              781562621.5,              103909124.6
39,             1758781879.4,              223429712.8
39,              856101911.5,              117871804.9
39,             1105614826.8,              139893826.8
39,             1681692876.3,              210776312.1
39,             1227043178.8,              161568847.5
39,              722491126.6,               89344484.9
39,             1187864583.4,              154725304.2
39,             1097953399.8,              138169260.5
39,              827335253.2,              111954430.9
39,             1839196704.4,              236005258.8
39,              902275082.9,              126966404.4
39,             1537802120.9,              197739953.2
39,             1136719169.2,              146018319.1
39,             1216736058.2,              160455733.4
39,             1366606922.3,              186326322.3
39,              859802936.4,              118800036.3
39,             1287374390.5,              177438318.4
39,              847999394.0,              115746734.7
39,             1260241535.2,              170390529.8
39,             1390138730.1,              190259637.6
39,             1698765489.3,              214677301.4
39,             1184788311.8,              154118893.8
39,             1279120517.2,              173394431.7
39,             1238581181.8,              166657905.2
39,             1736577917.7,              216191478.0
39,             1201541396.4,              159632338.5
39,             1410868849.2,              194512683.0
39,             1324654286.7,              182193925.3
39,              825230080.4,              111178156.2
39,             1394426888.8,              193202445.1
39,              781379069.9,              102088729.8
39,             1123791290.8,              143070335.5
40,              548218359.2,               60294140.5
40,             2127524686.7,              265252302.8
40,             1333804188.4,              182696477.4
40,             1561802929.9,              201369982.3
40,             1553482410.0,              199885247.7
40,              709666808.8,               87015910.4
40,             1690325177.6,              212085979.0
40,             1275654824.5,              171403083.9
40,              682041338.0,               80289317.1
40,             1105105027.9,              139266152.9
40,             1320370512.9,              180384640.0
40,              905999765.2,              127492995.9
40,             1758781879.4,              223429712.8
40,             1875434387.0,              244296745.4
40,              827335253.2,              111954430.9
40,             1889297477.6,              246693520.4
40,             1147682269.2,              147816787.4
40,              912490649.8,              129771100.8
40,              810493466.7,              109739327.3
40,             2106904583.0,              258413585.8
40,              826871094.9,              111482659.1
40,             1216736058.2,              160455733.4
40,             1213794803.3,              160081861.0
40,             1811253780.1,              233680124.6
40,              945791304.3,              131721347.2
40,             1698765489.3,              214677301.4
40,             1287374390.5,              177438318.4
40,             1184588616.9,              153605407.0
40,             1110112176.6,              139901956.5
40,             1117001134.2,              141289029.3
40,              912674127.6,              131095970.3
40,              722491126.6,               89344484.9
40,              783339831.8,              104555514.9
40,              781379069.9,              102088729.8
40,              815326613.0,              109913312.5
40,              841284885.0,              115241622.1
40,              548218359.2,               60294140.5
40,             1337409655.3,              186058768.1
40,             1793673169.3,              231271002.8
40,             1742564013.5,              218067627.3
40,              548218359.2,               60294140.5
40,              847999394.0,              115746734.7
40,             1546331310.7,              198084630.8
40,             1159660641.0,              152194647.8
40,             1345188426.5,              186917884.4
40,              781562621.5,              103909124.6
40,              947395406.7,              134297225.7
40,             1770140200.8,              225624827.4
40,              946079824.3,              133090219.4
40,             1279120517.2,              173394431.7
40,             1105614826.8,              139893826.8
40,             1097953399.8,              138169260.5
40,             1830478045.6,              233921885.9
40,             1839196704.4,              236005258.8
40,             1324654286.7,              182193925.3
40,              775134790.1,               99966718.2
40,             1390138730.1,              190259637.6
40,             1379778968.2,              188078377.8
40,             1404277301.4,              193766935.8
40,              721299315.1,               87474964.5
40,             1136719169.2,              146018319.1
40,             1537802120.9,              197739953.2
40,             2064713071.8,              254678232.4
40,             1201541396.4,              159632338.5
40,             1681692876.3,              210776312.1
40,             1410868849.2,              194512683.0
40,             1572224379.4,              202990749.3
40,             1674215574.7,              208847523.7
40,              957832004.8,              135133888.4
40,             1858831238.8,              241564804.6
40,             1782136600.6,              226376752.9
40,             1184788311.8,              154118893.8
40,              885809469.2,              123469554.8
40,             1747806600.7,              220624579.4
40,             1095123956.8,              137355960.7
40,             1198479599.9,              157391898.0
40,              854324701.2,              116927725.4
40,             1394426888.8,              193202445.1
40,              902275082.9,              126966404.4
40,             1187864583.4,              154725304.2
40,             1123791290.8,              143070335.5
40,              859802936.4,              118800036.3
40,             1238581181.8,              166657905.2
40,             2059338054.3,              253883368.5
40,              825230080.4,              111178156.2
40,             1090782090.1,              137187877.0
40,             1587712060.8,              204197166.5
40,             1260241535.2,              170390529.8
40,             1388152664.9,              188936606.0
40,              762132329.2,               97107311.0
40,             1903220547.5,              247638494.8
40,              891580469.1,              125192012.9
40,             1173903432.5,              152742500.6
40,              897880774.9,              125216781.9
40,              881476410.7,              122228893.2
40,             1759789836.8,              224294172.7
40,             1736577917.7,              216191478.0
40,              856101911.5,              117871804.9
40,              800990993.3,              105863803.9
40,              739145396.7,               92948833.7
41,              548218359.2,               60294140.5
41,             2127524686.7,              265252302.8
41,             1568218344.8,              201448130.4
41,              548218359.2,               60294140.5
41,              859802936.4,              118800036.3
41,              912490649.8,              129771100.8
41,              710221775.5,               87194911.6
41,             1546331310.7,              198084630.8
41,              827335253.2,              111954430.9
41,              739145396.7,               92948833.7
41,              890980272.8,              126296717.4
41,              826871094.9,              111482659.1
41,              856101911.5,              117871804.9
41,             1911967199.5,              249719111.3
41,             1537802120.9,              197739953.2
41,             1839196704.4,              236005258.8
41,              548218359.2,               60294140.5
41,             1123791290.8,              143070335.5
41,             1279120517.2,              173394431.7
41,             1105614826.8,              139893826.8
41,             1190617376.9,              155537490.4
41,             1398081093.6,              194502065.6
41,             1090782090.1,              137187877.0
41,             1690325177.6,              212085979.0
41,              800990993.3,              105863803.9
41,             1553482410.0,              199885247.7
41,             2041772221.9,              250357885.6
41,              841284885.0,              115241622.1
41,              810493466.7,              109739327.3
41,             1112395239.9,              141489906.6
41,              904097058.0,              127390582.6
41,             1260241535.2,              170390529.8
41,             1337409655.3,              186058768.1
41,             1234253136.3,              163492439.1
41,             1560665253.9,              201137102.0
41,             1345188426.5,              186917884.4
41,              944308820.5,              134188607.4
41,             1208894024.3,              162380635.2
41,              820010789.4,              110067190.5
41,             1320370512.9,              180384640.0
41,             1681692876.3,              210776312.1
41,              721299315.1,               87474964.5
41,             1178194219.6,              155184491.0
41,              885398131.0,              123256690.9
41,              957832004.8,              135133888.4
41,              709666808.8,               87015910.4
41,              854324701.2,              116927725.4
41,             1759789836.8,              224294172.7
41,             1674215574.7,              208847523.7
41,             1201541396.4,              159632338.5
41,             1238581181.8,              166657905.2
41,             1198479599.9,              157391898.0
41,              774579823.3,              100144736.3
41,             1259746264.1,              167066257.4
41,             1736577917.7,              216191478.0
41,              783339831.8,              104555514.9
41,             1811253780.1,              233680124.6
41,             1782136600.6,              226376752.9
41,              802327653.7,              108019620.7
41,              862414322.8,              119057432.0
41,              781379069.9,              102088729.8
41,             1198171723.5,              157303830.9
41,             1147682269.2,              147816787.4
41,             1105105027.9,              139266152.9
41,             1369008659.9,              190811593.6
41,             1095123956.8,              137355960.7
41,              885809469.2,              123469554.8
41,             1903220547.5,              247638494.8
41,             1698765489.3,              214677301.4
41,              960186626.0,              135680086.6
41,             1275654824.5,              171403083.9
41,             1746610495.4,              222092597.1
41,             1097953399.8,              138169260.5
41,             1830478045.6,              233921885.9
41,              722491126.6,               89344484.9
41,              781562621.5,              103909124.6
41,             1572224379.4,              202990749.3
41,              815326613.0,              109913312.5
41,             1858831238.8,              241564804.6
41,             1889297477.6,              246693520.4
41,             2058676734.9,              251575346.5
41,              762132329.2,               97107311.0
41,             1875434387.0,              244296745.4
41,             1110112176.6,              139901956.5
41,              847999394.0,              115746734.7
41,              825230080.4,              111178156.2
41,             1287374390.5,              177438318.4
41,             1159660641.0,              152194647.8
41,              902275082.9,              126966404.4
41,             1770140200.8,              225624827.4
41,             2106904583.0,              258413585.8
41,              682041338.0,               80289317.1
41,              912674127.6,              131095970.3
41,             1561802929.9,              201369982.3
41,             1136719169.2,              146018319.1
41,              947395406.7,              134297225.7
41,             1550761981.3,              198140186.5
41,             1410868849.2,              194512683.0
41,             1561802929.9,              201369982.3
41,             2059338054.3,              253883368.5
42,             2127524686.7,              265252302.8
42,              505287418.6,               69777774.6
42,             2090553717.5,              256188235.7
42,             1230489480.3,              162746223.9
42,             1568218344.8,              201448130.4
42,              859802936.4,              118800036.3
42,              912490649.8,              129771100.8
42,              710221775.5,               87194911.6
42,             1546331310.7,              198084630.8
42,              827335253.2,              111954430.9
42,              739145396.7,               92948833.7
42,              890980272.8,              126296717.4
42,              826871094.9,              111482659.1
42,              856101911.5,              117871804.9
42,             1911967199.5,              249719111.3
42,             1537802120.9,              197739953.2
42,             1839196704.4,              236005258.8
42,             1123791290.8,              143070335.5
42,             1279120517.2,              173394431.7
42,             1105614826.8,              139893826.8
42,             1398081093.6,              194502065.6
42,             1690325177.6,              212085979.0
42,              800990993.3,              105863803.9
42,             1553482410.0,              199885247.7
42,             2041772221.9,              250357885.6
42,              841284885.0,              115241622.1
42,              810493466.7,              109739327.3
42,             1112395239.9,              141489906.6
42,              904097058.0,              127390582.6
42,             1260241535.2,              170390529.8
42,             1337409655.3,              186058768.1
42,             1234253136.3,              163492439.1
42,             1560665253.9,              201137102.0
42,             1345188426.5,              186917884.4
42,              944308820.5,              134188607.4
42,             1208894024.3,              162380635.2
42,              820010789.4,              110067190.5
42,             1320370512.9,              180384640.0
42,             1681692876.3,              210776312.1
42,              721299315.1,               87474964.5
42,              885398131.0,              123256690.9
42,              957832004.8,              135133888.4
42,              709666808.8,               87015910.4
42,             1759789836.8,              224294172.7
42,             1674215574.7,              208847523.7
42,             1201541396.4,              159632338.5
42,             1238581181.8,              166657905.2
42,             1198479599.9,              157391898.0
42,              783339831.8,              104555514.9
42,             1811253780.1,              233680124.6
42,              802327653.7,              108019620.7
42,              862414322.8,              119057432.0
42,              781379069.9,              102088729.8
42,             1198171723.5,              157303830.9
42,             1147682269.2,              147816787.4
42,             1105105027.9,              139266152.9
42,             1369008659.9,              190811593.6
42,              885809469.2,              123469554.8
42,             1903220547.5,              247638494.8
42,             1698765489.3,              214677301.4
42,              960186626.0,              135680086.6
42,             1275654824.5,              171403083.9
42,             1746610495.4,              222092597.1
42,             1097953399.8,              138169260.5
42,              722491126.6,               89344484.9
42,              781562621.5,              103909124.6
42,             1572224379.4,              202990749.3
42,              815326613.0,              109913312.5
42,             1858831238.8,              241564804.6
42,             1889297477.6,              246693520.4
42,             2058676734.9,              251575346.5
42,              762132329.2,               97107311.0
42,             1875434387.0,              244296745.4
42,             1110112176.6,              139901956.5
42,              847999394.0,              115746734.7
42,              825230080.4,              111178156.2
42,             1287374390.5,              177438318.4
42,             1159660641.0,              152194647.8
42,              902275082.9,              126966404.4
42,             1770140200.8,              225624827.4
42,             2106904583.0,              258413585.8
42,              682041338.0,               80289317.1
42,              912674127.6,              131095970.3
42,             1561802929.9,              201369982.3
42,             1136719169.2,              146018319.1
42,              947395406.7,              134297225.7
42,             1550761981.3,              198140186.5
42,             1561802929.9,              201369982.3
42,             2059338054.3,              253883368.5
42,              772470811.6,              100669423.1
42,              890933540.1,              124466002.9
42,             1149940070.4,              148761138.7
42,             1251112274.0,              168545630.9
42,             1819377811.2,              234887935.9
42,             1410384798.3,              195980946.5
42,             1755930106.7,              223576771.0
42,             1704947374.3,              216818383.0
42,             1813175622.5,              234428178.5
42,              942571327.5,              133341982.8
42,              883476723.3,              123180648.7
43,             2127524686.7,              265252302.8
43,              505287418.6,               69777774.6
43,             1785918378.4,              229081435.9
43,             1745313833.5,              220480180.3
43,             2090553717.5,              256188235.7
43,             1230489480.3,              162746223.9
43,             1568218344.8,              201448130.4
43,              859802936.4,              118800036.3
43,              912490649.8,              129771100.8
43,              710221775.5,               87194911.6
43,             1546331310.7,              198084630.8
43,              827335253.2,              111954430.9
43,              739145396.7,               92948833.7
43,              890980272.8,              126296717.4
43,              826871094.9,              111482659.1
43,              856101911.5,              117871804.9
43,             1911967199.5,              249719111.3
43,             1537802120.9,              197739953.2
43,             1839196704.4,              236005258.8
43,             1123791290.8,              143070335.5
43,             1105614826.8,              139893826.8
43,             1398081093.6,              194502065.6
43,              800990993.3,              105863803.9
43,             1553482410.0,              199885247.7
43,             2041772221.9,              250357885.6
43,              841284885.0,              115241622.1
43,              810493466.7,              109739327.3
43,             1112395239.9,              141489906.6
43,              904097058.0,              127390582.6
43,             1260241535.2,              170390529.8
43,             1337409655.3,              186058768.1
43,             1234253136.3,              163492439.1
43,             1560665253.9,              201137102.0
43,             1345188426.5,              186917884.4
43,              944308820.5,              134188607.4
43,             1208894024.3,              162380635.2
43,              820010789.4,              110067190.5
43,             1320370512.9,              180384640.0
43,             1681692876.3,              210776312.1
43,              721299315.1,               87474964.5
43,              957832004.8,              135133888.4
43,              709666808.8,               87015910.4
43,             1759789836.8,              224294172.7
43,             1674215574.7,              208847523.7
43,             1201541396.4,              159632338.5
43,             1238581181.8,              166657905.2
43,             1198479599.9,              157391898.0
43,              783339831.8,              104555514.9
43,             1811253780.1,              233680124.6
43,              802327653.7,              108019620.7
43,              862414322.8,              119057432.0
43,              781379069.9,              102088729.8
43,             1198171723.5,              157303830.9
43,             1147682269.2,              147816787.4
43,             1369008659.9,              190811593.6
43,              885809469.2,              123469554.8
43,             1903220547.5,              247638494.8
43,             1698765489.3,              214677301.4
43,              960186626.0,              135680086.6
43,             1275654824.5,              171403083.9
43,             1746610495.4,              222092597.1
43,             1097953399.8,              138169260.5
43,              722491126.6,               89344484.9
43,              781562621.5,              103909124.6
43,             1572224379.4,              202990749.3
43,              815326613.0,              109913312.5
43,             1858831238.8,              241564804.6
43,             1889297477.6,              246693520.4
43,             2058676734.9,              251575346.5
43,             1875434387.0,              244296745.4
43,             1110112176.6,              139901956.5
43,              847999394.0,              115746734.7
43,              825230080.4,              111178156.2
43,             1287374390.5,              177438318.4
43,             1159660641.0,              152194647.8
43,              902275082.9,              126966404.4
43,             1770140200.8,              225624827.4
43,             2106904583.0,              258413585.8
43,              682041338.0,               80289317.1
43,              912674127.6,              131095970.3
43,             1561802929.9,              201369982.3
43,             1136719169.2,              146018319.1
43,              947395406.7,              134297225.7
43,             1550761981.3,              198140186.5
43,             1561802929.9,              201369982.3
43,             2059338054.3,              253883368.5
43,              772470811.6,              100669423.1
43,              890933540.1,              124466002.9
43,             1149940070.4,              148761138.7
43,             1251112274.0,              168545630.9
43,             1819377811.2,              234887935.9
43,             1410384798.3,              195980946.5
43,             1755930106.7,              223576771.0
43,             1704947374.3,              216818383.0
43,             1813175622.5,              234428178.5
43,              942571327.5,              133341982.8
43,              909335533.1,              128818529.6
43,              863641680.5,              120060355.5
43,              781555292.9,              102589136.5
43,              853980432.4,              117441660.0
44,             2127524686.7,              265252302.8
44,              505287418.6,               69777774.6
44,              885289018.4,              120874758.6
44,             2052555545.6,              251167959.0
44,             1785918378.4,              229081435.9
44,             1745313833.5,              220480180.3
44,             2090553717.5,              256188235.7
44,              859802936.4,              118800036.3
44,              912490649.8,              129771100.8
44,              710221775.5,               87194911.6
44,             1546331310.7,              198084630.8
44,              827335253.2,              111954430.9
44,              739145396.7,               92948833.7
44,              890980272.8,              126296717.4
44,              826871094.9,              111482659.1
44,              856101911.5,              117871804.9
44,             1911967199.5,              249719111.3
44,             1537802120.9,              197739953.2
44,             1839196704.4,              236005258.8
44,             1123791290.8,              143070335.5
44,             1398081093.6,              194502065.6
44,              800990993.3,              105863803.9
44,             1553482410.0,              199885247.7
44,             2041772221.9,              250357885.6
44,              841284885.0,              115241622.1
44,              810493466.7,              109739327.3
44,             1112395239.9,              141489906.6
44,             1260241535.2,              170390529.8
44,             1337409655.3,              186058768.1
44,             1560665253.9,              201137102.0
44,             1345188426.5,              186917884.4
44,              944308820.5,              134188607.4
44,             1208894024.3,              162380635.2
44,             1320370512.9,              180384640.0
44,             1681692876.3,              210776312.1
44,              721299315.1,               87474964.5
44,              957832004.8,              135133888.4
44,              709666808.8,               87015910.4
44,             1759789836.8,              224294172.7
44,             1674215574.7,              208847523.7
44,             1201541396.4,              159632338.5
44,             1238581181.8,              166657905.2
44,             1198479599.9,              157391898.0
44,              783339831.8,              104555514.9
44,             1811253780.1,              233680124.6
44,              802327653.7,              108019620.7
44,              862414322.8,              119057432.0
44,              781379069.9,              102088729.8
44,             1198171723.5,              157303830.9
44,             1147682269.2,              147816787.4
44,             1369008659.9,              190811593.6
44,              885809469.2,              123469554.8
44,             1903220547.5,              247638494.8
44,             1698765489.3,              214677301.4
44,              960186626.0,              135680086.6
44,             1746610495.4,              222092597.1
44,             1097953399.8,              138169260.5
44,              722491126.6,               89344484.9
44,              781562621.5,              103909124.6
44,              815326613.0,              109913312.5
44,             1858831238.8,              241564804.6
44,             1889297477.6,              246693520.4
44,             2058676734.9,              251575346.5
44,             1875434387.0,              244296745.4
44,              847999394.0,              115746734.7
44,              825230080.4,              111178156.2
44,             1287374390.5,              177438318.4
44,             1159660641.0,              152194647.8
44,             1770140200.8,              225624827.4
44,             2106904583.0,              258413585.8
44,              682041338.0,               80289317.1
44,              912674127.6,              131095970.3
44,             1561802929.9,              201369982.3
44,             1136719169.2,              146018319.1
44,              947395406.7,              134297225.7
44,             1550761981.3,              198140186.5
44,             1561802929.9,              201369982.3
44,             2059338054.3,              253883368.5
44,              772470811.6,              100669423.1
44,              890933540.1,              124466002.9
44,             1149940070.4,              148761138.7
44,             1251112274.0,              168545630.9
44,             1819377811.2,              234887935.9
44,             1410384798.3,              195980946.5
44,             1755930106.7,              223576771.0
44,             1704947374.3,              216818383.0
44,             1813175622.5,              234428178.5
44,              942571327.5,              133341982.8
44,              909335533.1,              128818529.6
44,              863641680.5,              120060355.5
44,              781555292.9,              102589136.5
44,              853980432.4,              117441660.0
44,             1182339964.8,              154456971.6
44,             1326483040.5,              182104561.1
44,              887746412.5,              123751600.5
44,             1374905405.9,              193472827.6
44,             1123738608.4,              142027782.1
44,             1102199676.3,              140077052.0
44,             1275210658.5,              171608634.7
44,              899625305.7,              128717626.3
45,             2127524686.7,              265252302.8
45,              477700386.7,               63106296.9
45,             1318291677.1,              180694926.4
45,             1582143766.2,              204144247.6
45,              505287418.6,               69777774.6
45,              885289018.4,              120874758.6
45,             2052555545.6,              251167959.0
45,             1785918378.4,              229081435.9
45,             1745313833.5,              220480180.3
45,             2090553717.5,              256188235.7
45,              859802936.4,              118800036.3
45,              912490649.8,              129771100.8
45,              710221775.5,               87194911.6
45,             1546331310.7,              198084630.8
45,              827335253.2,              111954430.9
45,              739145396.7,               92948833.7
45,              890980272.8,              126296717.4
45,              826871094.9,              111482659.1
45,              856101911.5,              117871804.9
45,             1911967199.5,              249719111.3
45,             1537802120.9,              197739953.2
45,             1839196704.4,              236005258.8
45,             1398081093.6,              194502065.6
45,              800990993.3,              105863803.9
45,             1553482410.0,              199885247.7
45,             2041772221.9,              250357885.6
45,              841284885.0,              115241622.1
45,              810493466.7,              109739327.3
45,             1112395239.9,              141489906.6
45,             1260241535.2,              170390529.8
45,             1337409655.3,              186058768.1
45,             1560665253.9,              201137102.0
45,             1345188426.5,              186917884.4
45,              944308820.5,              134188607.4
45,             1208894024.3,              162380635.2
45,             1681692876.3,              210776312.1
45,              721299315.1,               87474964.5
45,              957832004.8,              135133888.4
45,              709666808.8,               87015910.4
45,             1759789836.8,              224294172.7
45,             1674215574.7,              208847523.7
45,             1201541396.4,              159632338.5
45,             1238581181.8,              166657905.2
45,             1198479599.9,              157391898.0
45,              783339831.8,              104555514.9
45,             1811253780.1,              233680124.6
45,              802327653.7,              108019620.7
45,              862414322.8,              119057432.0
45,              781379069.9,              102088729.8
45,             1198171723.5,              157303830.9
45,             1147682269.2,              147816787.4
45,             1369008659.9,              190811593.6
45,              885809469.2,              123469554.8
45,             1698765489.3,              214677301.4
45,              960186626.0,              135680086.6
45,             1746610495.4,              222092597.1
45,             1097953399.8,              138169260.5
45,              722491126.6,               89344484.9
45,              781562621.5,              103909124.6
45,              815326613.0,              109913312.5
45,             1858831238.8,              241564804.6
45,             2058676734.9,              251575346.5
45,             1875434387.0,              244296745.4
45,              847999394.0,              115746734.7
45,              825230080.4,              111178156.2
45,             1287374390.5,              177438318.4
45,             1159660641.0,              152194647.8
45,             1770140200.8,              225624827.4
45,             2106904583.0,              258413585.8
45,              682041338.0,               80289317.1
45,              912674127.6,              131095970.3
45,             1561802929.9,              201369982.3
45,             1136719169.2,              146018319.1
45,              947395406.7,              134297225.7
45,             1550761981.3,              198140186.5
45,             1561802929.9,              201369982.3
45,             2059338054.3,              253883368.5
45,              772470811.6,              100669423.1
45,              890933540.1,              124466002.9
45,             1149940070.4,              148761138.7
45,             1251112274.0,              168545630.9
45,             1819377811.2,              234887935.9
45,             1410384798.3,              195980946.5
45,             1755930106.7,              223576771.0
45,             1704947374.3,              216818383.0
45,             1813175622.5,              234428178.5
45,              942571327.5,              133341982.8
45,              909335533.1,              128818529.6
45,              863641680.5,              120060355.5
45,              781555292.9,              102589136.5
45,              853980432.4,              117441660.0
45,             1182339964.8,              154456971.6
45,             1326483040.5,              182104561.1
45,              887746412.5,              123751600.5
45,             1374905405.9,              193472827.6
45,             1102199676.3,              140077052.0
45,              899625305.7,              128717626.3
45,             1120857167.3,              141860980.7
45,             1089287089.1,              137364303.6
45,             1308972994.6,              180492943.5
46,             2127524686.7,              265252302.8
46,              477700386.7,               63106296.9
46,             1363985117.4,              188390707.2
46,             2065105083.9,              254595894.8
46,             1318291677.1,              180694926.4
46,             1582143766.2,              204144247.6
46,              505287418.6,               69777774.6
46,             2052555545.6,              251167959.0
46,             1745313833.5,              220480180.3
46,             2090553717.5,              256188235.7
46,              859802936.4,              118800036.3
46,              912490649.8,              129771100.8
46,              710221775.5,               87194911.6
46,              827335253.2,              111954430.9
46,              739145396.7,               92948833.7
46,              890980272.8,              126296717.4
46,              826871094.9,              111482659.1
46,              856101911.5,              117871804.9
46,             1911967199.5,              249719111.3
46,             1839196704.4,              236005258.8
46,             1398081093.6,              194502065.6
46,              800990993.3,              105863803.9
46,             1553482410.0,              199885247.7
46,             2041772221.9,              250357885.6
46,              841284885.0,              115241622.1
46,              810493466.7,              109739327.3
46,             1112395239.9,              141489906.6
46,             1260241535.2,              170390529.8
46,             1337409655.3,              186058768.1
46,             1560665253.9,              201137102.0
46,             1345188426.5,              186917884.4
46,              944308820.5,              134188607.4
46,             1208894024.3,              162380635.2
46,             1681692876.3,              210776312.1
46,              721299315.1,               87474964.5
46,              957832004.8,              135133888.4
46,              709666808.8,               87015910.4
46,             1759789836.8,              224294172.7
46,             1201541396.4,              159632338.5
46,             1238581181.8,              166657905.2
46,              783339831.8,              104555514.9
46,             1811253780.1,              233680124.6
46,              802327653.7,              108019620.7
46,              862414322.8,              119057432.0
46,              781379069.9,              102088729.8
46,             1147682269.2,              147816787.4
46,             1369008659.9,              190811593.6
46,             1698765489.3,              214677301.4
46,             1746610495.4,              222092597.1
46,             1097953399.8,              138169260.5
46,              722491126.6,               89344484.9
46,              781562621.5,              103909124.6
46,              815326613.0,              109913312.5
46,             1858831238.8,              241564804.6
46,             2058676734.9,              251575346.5
46,             1875434387.0,              244296745.4
46,              847999394.0,              115746734.7
46,              825230080.4,              111178156.2
46,             1287374390.5,              177438318.4
46,             1159660641.0,              152194647.8
46,             1770140200.8,              225624827.4
46,              682041338.0,               80289317.1
46,              912674127.6,              131095970.3
46,             1561802929.9,              201369982.3
46,             1136719169.2,              146018319.1
46,              947395406.7,              134297225.7
46,             1561802929.9,              201369982.3
46,             2059338054.3,              253883368.5
46,              772470811.6,              100669423.1
46,              890933540.1,              124466002.9
46,             1149940070.4,              148761138.7
46,             1251112274.0,              168545630.9
46,             1819377811.2,              234887935.9
46,             1755930106.7,              223576771.0
46,             1704947374.3,              216818383.0
46,             1813175622.5,              234428178.5
46,              942571327.5,              133341982.8
46,              909335533.1,              128818529.6
46,              863641680.5,              120060355.5
46,              781555292.9,              102589136.5
46,              853980432.4,              117441660.0
46,             1182339964.8,              154456971.6
46,             1326483040.5,              182104561.1
46,             1374905405.9,              193472827.6
46,             1102199676.3,              140077052.0
46,              899625305.7,              128717626.3
46,             1120857167.3,              141860980.7
46,             1089287089.1,              137364303.6
46,             1308972994.6,              180492943.5
46,             1143598772.3,              146972762.4
46,             1750705404.7,              223010277.3
46,             1711410085.4,              218170244.1
46,             1231975403.4,              163065052.7
46,             1537248187.5,              199059649.4
46,              877431010.9,              121519244.1
46,             1403869889.0,              196810943.9
46,             1156940374.9,              149325997.8
46,             1562305988.6,              201810163.6
46,             1332220998.3,              182461013.5
46,             1772591491.1,              230250596.4
47,             2127524686.7,              265252302.8
47,              477700386.7,               63106296.9
47,              896499078.3,              128320565.7
47,             2057738942.1,              252188459.3
47,             1363985117.4,              188390707.2
47,             2065105083.9,              254595894.8
47,             1318291677.1,              180694926.4
47,             1582143766.2,              204144247.6
47,              505287418.6,               69777774.6
47,             2052555545.6,              251167959.0
47,             1745313833.5,              220480180.3
47,             2090553717.5,              256188235.7
47,              859802936.4,              118800036.3
47,              912490649.8,              129771100.8
47,              710221775.5,               87194911.6
47,              827335253.2,              111954430.9
47,              739145396.7,               92948833.7
47,              890980272.8,              126296717.4
47,              826871094.9,              111482659.1
47,              856101911.5,              117871804.9
47,             1911967199.5,              249719111.3
47,             1839196704.4,              236005258.8
47,             1398081093.6,              194502065.6
47,              800990993.3,              105863803.9
47,             1553482410.0,              199885247.7
47,             2041772221.9,              250357885.6
47,              841284885.0,              115241622.1
47,              810493466.7,              109739327.3
47,             1112395239.9,              141489906.6
47,             1260241535.2,              170390529.8
47,             1337409655.3,              186058768.1
47,             1345188426.5,              186917884.4
47,              944308820.5,              134188607.4
47,             1681692876.3,              210776312.1
47,              721299315.1,               87474964.5
47,              957832004.8,              135133888.4
47,              709666808.8,               87015910.4
47,             1759789836.8,              224294172.7
47,             1201541396.4,              159632338.5
47,             1238581181.8,              166657905.2
47,              783339831.8,              104555514.9
47,             1811253780.1,              233680124.6
47,              802327653.7,              108019620.7
47,              862414322.8,              119057432.0
47,              781379069.9,              102088729.8
47,             1147682269.2,              147816787.4
47,             1369008659.9,              190811593.6
47,             1698765489.3,              214677301.4
47,             1746610495.4,              222092597.1
47,             1097953399.8,              138169260.5
47,              722491126.6,               89344484.9
47,              781562621.5,              103909124.6
47,              815326613.0,              109913312.5
47,             1858831238.8,              241564804.6
47,             1875434387.0,              244296745.4
47,              847999394.0,              115746734.7
47,              825230080.4,              111178156.2
47,             1287374390.5,              177438318.4
47,             1159660641.0,              152194647.8
47,              682041338.0,               80289317.1
47,              912674127.6,              131095970.3
47,             1136719169.2,              146018319.1
47,              947395406.7,              134297225.7
47,             2059338054.3,              253883368.5
47,              772470811.6,              100669423.1
47,              890933540.1,              124466002.9
47,             1149940070.4,              148761138.7
47,             1251112274.0,              168545630.9
47,             1819377811.2,              234887935.9
47,             1755930106.7,              223576771.0
47,             1704947374.3,              216818383.0
47,             1813175622.5,              234428178.5
47,              942571327.5,              133341982.8
47,              909335533.1,              128818529.6
47,              863641680.5,              120060355.5
47,              781555292.9,              102589136.5
47,              853980432.4,              117441660.0
47,             1182339964.8,              154456971.6
47,             1326483040.5,              182104561.1
47,             1374905405.9,              193472827.6
47,              899625305.7,              128717626.3
47,             1120857167.3,              141860980.7
47,             1089287089.1,              137364303.6
47,             1308972994.6,              180492943.5
47,             1750705404.7,              223010277.3
47,             1711410085.4,              218170244.1
47,             1231975403.4,              163065052.7
47,              877431010.9,              121519244.1
47,             1403869889.0,              196810943.9
47,             1156940374.9,              149325997.8
47,             1332220998.3,              182461013.5
47,             1772591491.1,              230250596.4
47,             2065105083.9,              254595894.8
47,             2065105083.9,              254595894.8
47,              796182081.2,              105506209.1
47,             1563673152.2,              202838535.0
47,             1198591948.3,              159452432.8
47,             1271115796.2,              172181828.8
47,              841630252.8,              115414171.8
47,             1130682031.0,              145215433.5
48,             2127524686.7,              265252302.8
48,              477700386.7,               63106296.9
48,             1870225005.5,              242601496.4
48,             1788627901.5,              230646693.0
48,              896499078.3,              128320565.7
48,             2057738942.1,              252188459.3
48,             1318291677.1,              180694926.4
48,             1582143766.2,              204144247.6
48,              505287418.6,               69777774.6
48,             2052555545.6,              251167959.0
48,             1745313833.5,              220480180.3
48,              859802936.4,              118800036.3
48,              912490649.8,              129771100.8
48,              710221775.5,               87194911.6
48,              827335253.2,              111954430.9
48,              739145396.7,               92948833.7
48,              890980272.8,              126296717.4
48,              826871094.9,              111482659.1
48,              856101911.5,              117871804.9
48,             1911967199.5,              249719111.3
48,             1398081093.6,              194502065.6
48,              800990993.3,              105863803.9
48,             1553482410.0,              199885247.7
48,             2041772221.9,              250357885.6
48,              841284885.0,              115241622.1
48,              810493466.7,              109739327.3
48,             1112395239.9,              141489906.6
48,             1260241535.2,              170390529.8
48,             1337409655.3,              186058768.1
48,             1345188426.5,              186917884.4
48,              944308820.5,              134188607.4
48,             1681692876.3,              210776312.1
48,              709666808.8,               87015910.4
48,             1759789836.8,              224294172.7
48,             1201541396.4,              159632338.5
48,             1238581181.8,              166657905.2
48,              783339831.8,              104555514.9
48,             1811253780.1,              233680124.6
48,              802327653.7,              108019620.7
48,              781379069.9,              102088729.8
48,             1147682269.2,              147816787.4
48,             1369008659.9,              190811593.6
48,             1698765489.3,              214677301.4
48,             1746610495.4,              222092597.1
48,              722491126.6,               89344484.9
48,              781562621.5,              103909124.6
48,              815326613.0,              109913312.5
48,              847999394.0,              115746734.7
48,              825230080.4,              111178156.2
48,             1287374390.5,              177438318.4
48,             1159660641.0,              152194647.8
48,              682041338.0,               80289317.1
48,              912674127.6,              131095970.3
48,             1136719169.2,              146018319.1
48,              947395406.7,              134297225.7
48,             2059338054.3,              253883368.5
48,              772470811.6,              100669423.1
48,             1149940070.4,              148761138.7
48,             1251112274.0,              168545630.9
48,             1819377811.2,              234887935.9
48,             1755930106.7,              223576771.0
48,             1704947374.3,              216818383.0
48,             1813175622.5,              234428178.5
48,              942571327.5,              133341982.8
48,              909335533.1,              128818529.6
48,              863641680.5,              120060355.5
48,              781555292.9,              102589136.5
48,              853980432.4,              117441660.0
48,             1182339964.8,              154456971.6
48,             1326483040.5,              182104561.1
48,             1374905405.9,              193472827.6
48,              899625305.7,              128717626.3
48,             1120857167.3,              141860980.7
48,             1089287089.1,              137364303.6
48,             1308972994.6,              180492943.5
48,             1750705404.7,              223010277.3
48,             1711410085.4,              218170244.1
48,              877431010.9,              121519244.1
48,             1403869889.0,              196810943.9
48,             1156940374.9,              149325997.8
48,             1332220998.3,              182461013.5
48,             1772591491.1,              230250596.4
48,              796182081.2,              105506209.1
48,             1563673152.2,              202838535.0
48,             1198591948.3,              159452432.8
48,             1271115796.2,              172181828.8
48,              841630252.8,              115414171.8
48,             1130682031.0,              145215433.5
48,              887281376.4,              125412170.7
48,              835704339.9,              113230351.2
48,             1206789347.6,              159841728.4
48,             1098360906.4,              138626071.2
48,             1196089881.5,              157939917.8
48,              954378015.1,              136489866.6
48,             1677054002.2,              209877963.2
48,             1858004579.9,              242357549.1
48,             1178873982.5,              153631680.9
48,             1232577966.3,              164275784.7
48,             1258028862.7,              169553086.7
48,             1874360605.7,              246604044.4
49,             2127524686.7,              265252302.8
49,              477700386.7,               63106296.9
49,             1382229401.8,              193774803.7
49,             2076607732.3,              255875360.9
49,             1870225005.5,              242601496.4
49,             1788627901.5,              230646693.0
49,              896499078.3,              128320565.7
49,             2057738942.1,              252188459.3
49,              505287418.6,               69777774.6
49,             1745313833.5,              220480180.3
49,              859802936.4,              118800036.3
49,              912490649.8,              129771100.8
49,              710221775.5,               87194911.6
49,              739145396.7,               92948833.7
49,              890980272.8,              126296717.4
49,              856101911.5,              117871804.9
49,             1911967199.5,              249719111.3
49,             1398081093.6,              194502065.6
49,              800990993.3,              105863803.9
49,             2041772221.9,              250357885.6
49,              810493466.7,              109739327.3
49,             1260241535.2,              170390529.8
49,             1337409655.3,              186058768.1
49,             1345188426.5,              186917884.4
49,              944308820.5,              134188607.4
49,             1681692876.3,              210776312.1
49,              709666808.8,               87015910.4
49,             1759789836.8,              224294172.7
49,             1201541396.4,              159632338.5
49,             1238581181.8,              166657905.2
49,              783339831.8,              104555514.9
49,             1811253780.1,              233680124.6
49,              802327653.7,              108019620.7
49,              781379069.9,              102088729.8
49,             1369008659.9,              190811593.6
49,             1698765489.3,              214677301.4
49,             1746610495.4,              222092597.1
49,              722491126.6,               89344484.9
49,              781562621.5,              103909124.6
49,              815326613.0,              109913312.5
49,             1287374390.5,              177438318.4
49,             1159660641.0,              152194647.8
49,              682041338.0,               80289317.1
49,              912674127.6,              131095970.3
49,             1136719169.2,              146018319.1
49,              947395406.7,              134297225.7
49,             2059338054.3,              253883368.5
49,              772470811.6,              100669423.1
49,             1149940070.4,              148761138.7
49,             1251112274.0,              168545630.9
49,             1819377811.2,              234887935.9
49,             1755930106.7,              223576771.0
49,             1704947374.3,              216818383.0
49,             1813175622.5,              234428178.5
49,              942571327.5,              133341982.8
49,              909335533.1,              128818529.6
49,              863641680.5,              120060355.5
49,              781555292.9,              102589136.5
49,              853980432.4,              117441660.0
49,             1182339964.8,              154456971.6
49,             1374905405.9,              193472827.6
49,              899625305.7,              128717626.3
49,             1089287089.1,              137364303.6
49,             1308972994.6,              180492943.5
49,             1750705404.7,              223010277.3
49,             1711410085.4,              218170244.1
49,              877431010.9,              121519244.1
49,             1156940374.9,              149325997.8
49,             1772591491.1,              230250596.4
49,             1563673152.2,              202838535.0
49,             1198591948.3,              159452432.8
49,             1271115796.2,              172181828.8
49,             1130682031.0,              145215433.5
49,              887281376.4,              125412170.7
49,              835704339.9,              113230351.2
49,             1098360906.4,              138626071.2
49,             1196089881.5,              157939917.8
49,              954378015.1,              136489866.6
49,             1677054002.2,              209877963.2
49,             1858004579.9,              242357549.1
49,             1258028862.7,              169553086.7
49,             1874360605.7,              246604044.4
49,             1238901565.8,              167399274.0
49,             1206570058.8,              161136586.5
49,             1175432495.0,              154456210.0
49,             1843341085.8,              239614901.2
49,             1570526345.1,              209159755.0
49,             1550917537.0,              200228536.4
49,             1401145417.0,              197104705.0
49,              952541736.5,              135814412.6
49,             1186141872.0,              154475928.2
49,              761469342.0,               99375133.5
49,              793481281.3,              105765220.6
49,              863136152.6,              119552143.7
49,             1142211783.6,              148408418.1
49,             1110532766.3,              142035017.6
49,              840504405.3,              116318247.0
49,              829802973.3,              112542524.4
49,              816461774.2,              112267164.0
49,             1543729407.5,              197440601.5
50,             2127524686.7,              265252302.8
50,              477700386.7,               63106296.9
50,             1264675899.1,              171113275.6
50,             1915266323.8,              250962929.2
50,             1382229401.8,              193774803.7
50,             2076607732.3,              255875360.9
50,             1870225005.5,              242601496.4
50,             1788627901.5,              230646693.0
50,              896499078.3,              128320565.7
50,             2057738942.1,              252188459.3
50,              505287418.6,               69777774.6
50,             1745313833.5,              220480180.3
50,              859802936.4,              118800036.3
50,              912490649.8,              129771100.8
50,              710221775.5,               87194911.6
50,              739145396.7,               92948833.7
50,              890980272.8,              126296717.4
50,              856101911.5,              117871804.9
50,             1911967199.5,              249719111.3
50,             1398081093.6,              194502065.6
50,              800990993.3,              105863803.9
50,              810493466.7,              109739327.3
50,             1260241535.2,              170390529.8
50,             1337409655.3,              186058768.1
50,             1345188426.5,              186917884.4
50,              944308820.5,              134188607.4
50,             1681692876.3,              210776312.1
50,              709666808.8,               87015910.4
50,             1201541396.4,              159632338.5
50,              783339831.8,              104555514.9
50,             1811253780.1,              233680124.6
50,              802327653.7,              108019620.7
50,              781379069.9,              102088729.8
50,             1369008659.9,              190811593.6
50,             1698765489.3,              214677301.4
50,             1746610495.4,              222092597.1
50,              722491126.6,               89344484.9
50,              781562621.5,              103909124.6
50,              815326613.0,              109913312.5
50,             1287374390.5,              177438318.4
50,             1159660641.0,              152194647.8
50,              682041338.0,               80289317.1
50,              912674127.6,              131095970.3
50,             1136719169.2,              146018319.1
50,              947395406.7,              134297225.7
50,             2059338054.3,              253883368.5
50,              772470811.6,              100669423.1
50,             1819377811.2,              234887935.9
50,             1704947374.3,              216818383.0
50,             1813175622.5,              234428178.5
50,              942571327.5,              133341982.8
50,              909335533.1,              128818529.6
50,              863641680.5,              120060355.5
50,              781555292.9,              102589136.5
50,              853980432.4,              117441660.0
50,             1182339964.8,              154456971.6
50,             1374905405.9,              193472827.6
50,              899625305.7,              128717626.3
50,             1089287089.1,              137364303.6
50,             1308972994.6,              180492943.5
50,             1750705404.7,              223010277.3
50,             1711410085.4,              218170244.1
50,              877431010.9,              121519244.1
50,             1772591491.1,              230250596.4
50,             1563673152.2,              202838535.0
50,             1198591948.3,              159452432.8
50,             1271115796.2,              172181828.8
50,             1130682031.0,              145215433.5
50,              887281376.4,              125412170.7
50,              835704339.9,              113230351.2
50,             1098360906.4,              138626071.2
50,              954378015.1,              136489866.6
50,             1677054002.2,              209877963.2
50,             1858004579.9,              242357549.1
50,             1258028862.7,              169553086.7
50,             1238901565.8,              167399274.0
50,             1206570058.8,              161136586.5
50,             1175432495.0,              154456210.0
50,             1843341085.8,              239614901.2
50,             1570526345.1,              209159755.0
50,             1550917537.0,              200228536.4
50,             1401145417.0,              197104705.0
50,              952541736.5,              135814412.6
50,              761469342.0,               99375133.5
50,              793481281.3,              105765220.6
50,              863136152.6,              119552143.7
50,             1142211783.6,              148408418.1
50,             1110532766.3,              142035017.6
50,              840504405.3,              116318247.0
50,              829802973.3,              112542524.4
50,              816461774.2,              112267164.0
50,             1543729407.5,              197440601.5
50,             1229420366.5,              164786955.3
50,             1185642546.4,              157969538.4
50,              641406276.2,               74090998.6
50,             1245374277.5,              169198483.3
50,             1871213978.4,              246719790.2
50,             1330846043.0,              184800253.8
50,             1792020903.0,              232400053.1
50,             1534677736.4,              197209329.4
